time,13,15,17,19,21,23
1536550245.106,778,29,510,282,950,891
1536550245.125,786,25,529,281,961,907
1536550245.177,772,20,516,282,956,900
1536550245.208,764,12,517,286,954,903
1536550245.218,788,15,514,277,949,889
1536550245.272,764,9,505,277,955,895
1536550245.288,782,15,511,277,954,886
1536550245.328,777,22,518,281,938,887
1536550245.371,777,19,512,266,947,902
1536550245.392,765,7,512,272,958,899
1536550245.413,782,24,525,274,949,895
1536550245.48,770,15,520,283,954,895
1536550245.494,786,7,521,281,950,893
1536550245.509,772,11,510,276,945,877
1536550245.565,774,4,529,281,947,896
1536550245.579,772,26,522,279,948,891
1536550245.588,777,10,506,266,944,879
1536550245.595,769,11,504,270,939,908
1536550245.607,780,7,521,275,929,885
1536550245.628,786,25,518,266,950,896
1536550245.637,770,18,520,268,943,884
1536550245.646,779,27,511,286,960,898
1536550245.654,783,13,529,281,955,887
1536550245.67,770,18,517,283,946,886
1536550245.679,788,15,502,283,946,901
1536550245.693,754,14,507,273,942,894
1536550245.712,771,13,515,260,955,893
1536550245.727,776,18,517,271,957,904
1536550245.736,776,12,522,274,946,895
1536550245.744,774,13,524,272,950,896
1536550245.754,771,10,512,293,941,882
1536550245.76,769,11,516,273,956,888
1536550245.774,770,9,517,271,946,892
1536550245.798,776,6,511,268,943,898
1536550245.825,770,12,520,277,946,892
1536550245.835,766,14,519,273,948,894
1536550245.842,766,17,522,276,948,903
1536550245.859,778,5,530,276,942,894
1536550245.871,772,11,513,264,953,891
1536550245.888,784,8,516,270,948,897
1536550245.927,781,14,507,273,948,891
1536550245.945,763,2,516,273,956,894
1536550245.959,782,9,520,280,952,904
1536550245.968,770,9,517,271,949,889
1536550246.001,778,8,522,279,945,891
1536550246.028,768,4,524,269,938,893
1536550246.05,775,2,513,276,945,903
1536550246.058,792,7,523,281,944,902
1536550246.065,770,6,520,286,963,892
1536550246.083,772,8,522,273,945,900
1536550246.09,774,7,515,272,958,905
1536550246.1,785,-3,520,274,952,892
1536550246.125,768,4,518,275,955,902
1536550246.148,767,21,523,271,949,889
1536550246.156,765,16,524,266,950,893
1536550246.164,768,13,497,263,947,887
1536550246.172,782,-3,514,271,937,892
1536550246.192,767,0,528,280,946,892
1536550246.212,768,10,515,272,961,896
1536550246.229,776,9,519,271,951,875
1536550246.244,775,11,524,273,951,885
1536550246.268,767,18,517,268,949,889
1536550246.281,777,-2,497,275,941,882
1536550246.306,788,15,522,274,934,886
1536550246.323,781,-1,507,258,939,883
1536550246.347,773,6,525,271,952,889
1536550246.377,771,7,529,263,947,885
1536550246.444,769,-4,507,264,948,877
1536550246.507,778,14,513,267,936,882
1536550246.519,775,8,522,285,945,906
1536550246.528,767,3,505,253,943,886
1536550246.596,782,3,493,253,925,861
1536550246.621,771,4,515,260,944,882
1536550246.653,755,0,511,271,937,895
1536550246.659,769,-10,510,267,942,888
1536550246.668,761,9,514,247,934,875
1536550246.677,775,-4,513,273,962,905
1536550246.684,796,2,498,273,942,891
1536550246.705,754,-1,516,267,945,880
1536550246.724,779,-3,517,271,946,892
1536550246.736,764,9,517,271,943,892
1536550246.794,791,-3,499,268,937,886
1536550246.82,776,-9,526,280,937,898
1536550246.853,771,-11,526,269,947,902
1536550246.875,778,8,516,258,933,894
1536550246.882,755,3,514,271,940,900
1536550246.89,784,11,525,267,945,891
1536550246.898,770,-6,502,265,931,875
1536550246.922,756,-8,509,257,955,893
1536550246.932,787,-10,504,270,936,880
1536550246.94,763,-10,504,258,936,877
1536550246.949,770,-9,505,274,937,892
1536550246.957,774,-15,512,266,927,882
1536550246.984,760,-13,510,267,951,894
1536550246.999,768,-5,515,266,947,887
1536550247.008,763,5,513,264,951,891
1536550247.023,784,-1,513,264,936,886
1536550247.03,774,4,515,269,950,887
1536550247.04,781,-4,516,267,945,891
1536550247.069,771,13,518,266,926,882
1536550247.081,761,3,520,259,951,886
1536550247.09,755,-3,520,256,960,886
1536550247.096,763,-1,510,264,953,874
1536550247.17,747,-4,504,279,945,889
1536550247.242,776,0,508,274,949,878
1536550247.265,765,-8,518,269,947,893
1536550247.292,770,-6,508,268,951,875
1536550247.35,766,17,510,261,942,885
1536550247.401,763,5,507,273,948,897
1536550247.482,767,6,523,271,946,878
1536550247.561,764,-9,514,265,931,884
1536550247.662,759,-5,521,290,964,893
1536550247.681,770,-3,505,268,952,889
1536550247.744,774,4,521,272,950,896
1536550247.908,770,0,508,280,966,938
1536550248.02,790,-7,521,282,982,928
1536550248.057,795,7,518,269,990,925
1536550248.09,799,8,527,276,994,943
1536550248.109,792,-5,526,272,981,936
1536550248.15,793,8,527,276,988,917
1536550248.245,794,3,523,277,987,932
1536550248.254,780,13,529,275,999,922
1536550248.271,798,16,518,278,984,907
1536550248.288,781,-1,524,270,968,914
1536550248.306,790,14,536,279,1003,931
1536550248.329,799,8,530,300,980,917
1536550248.343,784,5,530,282,985,911
1536550248.35,787,8,524,273,985,928
1536550248.361,785,6,520,286,981,929
1536550248.401,792,7,524,272,985,925
1536550248.41,779,15,525,286,992,921
1536550248.458,781,11,527,282,983,917
1536550248.493,780,1,521,284,987,927
1536550248.536,794,-12,517,283,975,938
1536550248.598,779,3,517,271,983,903
1536550248.61,800,18,528,274,984,915
1536550248.626,799,11,527,276,974,934
1536550248.643,808,32,551,306,1006,946
1536550248.66,787,23,530,279,983,923
1536550248.682,787,8,530,273,977,920
1536550248.829,779,3,534,271,966,918
1536550248.903,787,2,524,282,965,911
1536550248.92,762,-11,509,266,944,882
1536550248.949,799,-23,513,270,954,886
1536550248.982,763,-23,504,279,951,905
1536550248.998,770,-12,511,268,951,892
1536550249.088,768,-30,509,266,935,882
1536550249.131,774,-18,527,272,967,913
1536550249.167,766,-13,510,276,956,885
1536550249.177,772,-10,522,270,962,894
1536550249.184,758,-25,508,262,940,892
1536550249.192,772,-10,519,267,953,888
1536550249.202,764,-22,508,271,955,881
1536550249.22,761,-22,514,265,940,886
1536550249.242,771,-11,506,260,932,882
1536550249.255,749,-5,512,260,947,902
1536550249.291,772,-20,516,267,945,891
1536550249.299,767,-9,517,256,946,886
1536550249.307,776,-9,514,274,940,884
1536550249.317,775,-17,536,267,962,903
1536550249.324,764,-19,511,262,934,898
1536550249.334,778,-13,507,264,942,886
1536550249.342,775,-20,519,270,951,894
1536550249.35,763,-29,530,273,945,891
1536550249.361,777,-11,524,275,947,879
1536550249.381,770,-16,505,256,940,889
1536550249.391,777,-2,526,266,950,905
1536550249.409,778,-13,524,258,953,891
1536550249.437,765,-15,512,281,932,879
1536550249.454,784,-13,510,267,951,877
1536550249.465,758,-34,511,256,940,898
1536550249.472,765,-27,521,269,941,893
1536550249.489,783,-8,512,260,935,899
1536550249.498,769,-13,510,255,930,866
1536550249.515,758,-9,505,271,934,887
1536550249.523,779,-22,514,262,937,901
1536550249.558,776,-12,511,259,955,881
1536550249.593,785,-9,523,271,952,884
1536550249.619,784,-20,513,264,959,908
1536550249.638,763,-20,525,258,956,908
1536550249.648,762,-27,512,266,947,879
1536550249.654,773,-16,531,277,955,889
1536550249.681,763,-10,516,264,945,886
1536550249.699,772,-23,498,267,945,883
1536550249.713,771,-11,518,257,947,887
1536550249.729,774,-18,521,254,944,887
1536550249.777,768,-11,503,266,929,896
1536550249.786,763,-13,530,264,945,903
1536550249.885,790,-17,510,264,945,894
1536550249.96,776,-19,514,259,955,875
1536550250.043,790,-4,548,294,1003,926
1536550250.06,777,-8,541,325,1022,928
1536550250.099,758,-3,540,309,1015,935
1536550250.112,786,-27,518,290,996,899
1536550250.192,775,-7,524,294,985,905
1536550250.284,764,-6,540,304,992,932
1536550250.309,766,-7,548,329,1029,948
1536550250.324,775,-20,536,314,1009,920
1536550250.339,774,-24,529,299,979,919
1536550250.35,758,-12,514,307,981,912
1536550250.365,770,-19,540,310,1016,929
1536550250.407,785,-9,525,318,986,938
1536550250.423,779,-9,523,289,984,906
1536550250.431,751,-7,524,297,988,928
1536550250.44,761,-15,522,292,983,926
1536550250.456,773,-6,531,289,989,918
1536550250.579,782,-18,520,289,989,932
1536550250.612,771,-27,524,302,985,905
1536550250.678,784,2,527,303,982,928
1536550250.694,780,-11,535,296,987,919
1536550250.737,767,-25,520,301,972,918
1536550250.744,772,-11,542,297,977,934
1536550250.753,776,-3,543,307,1013,927
1536550250.76,779,-9,523,274,969,912
1536550250.773,762,-18,518,287,964,913
1536550250.835,794,-25,528,307,998,938
1536550250.901,776,-15,520,286,989,921
1536550250.975,780,-8,526,305,982,919
1536550251.049,775,-29,521,285,974,920
1536550251.057,773,-19,526,307,975,921
1536550251.106,783,-11,521,278,964,902
1536550251.116,763,-23,530,309,997,920
1536550251.144,779,-3,525,283,989,923
1536550251.159,800,-16,540,310,992,932
1536550251.185,756,-21,518,296,976,930
1536550251.206,774,-30,515,263,920,876
1536550251.214,778,-4,522,303,986,928
1536550251.239,784,-10,542,314,986,911
1536550251.248,783,-5,529,305,990,919
1536550251.255,773,-12,546,304,989,923
1536550251.307,792,-5,535,316,1011,939
1536550251.324,779,-13,543,280,998,930
1536550251.338,767,-16,529,265,931,895
1536550251.35,778,-10,513,255,930,880
1536550251.374,758,-28,528,268,949,912
1536550251.4,780,-8,512,254,932,896
1536550251.42,774,-11,529,257,929,893
1536550251.43,763,-38,507,267,924,891
1536550251.44,761,-22,508,274,931,907
1536550251.453,776,-12,528,259,928,884
1536550251.464,770,-28,499,262,928,870
1536550251.484,777,-21,526,263,938,899
1536550251.543,791,-9,511,247,922,904
1536550251.562,759,-21,509,251,923,899
1536550251.58,776,-22,520,253,920,887
1536550251.62,778,-29,495,241,907,869
1536550251.628,767,-19,517,259,920,890
1536550251.647,775,-13,525,264,924,886
1536550251.677,773,-22,520,253,923,887
1536550251.693,769,-23,516,261,930,894
1536550251.735,772,-23,522,264,930,874
1536550251.771,771,-21,529,266,920,902
1536550251.802,750,-24,521,263,912,890
1536550251.822,779,-40,505,262,908,881
1536550251.84,771,-33,521,263,929,896
1536550251.85,754,-26,525,258,933,894
1536550251.859,774,-15,529,254,926,902
1536550251.875,769,-29,519,264,913,883
1536550251.889,780,-24,509,260,932,884
1536550251.906,788,-22,520,262,940,895
1536550251.918,775,-20,513,261,922,886
1536550251.977,770,-31,505,253,919,881
1536550252.042,772,-23,524,270,916,883
1536550252.128,779,-12,519,268,914,880
1536550252.142,751,-29,510,252,924,880
1536550252.21,777,-21,524,251,929,890
1536550252.222,774,-30,509,257,923,882
1536550252.23,766,-16,527,264,916,882
1536550252.239,761,-22,517,268,920,881
1536550252.264,761,-15,508,268,925,886
1536550252.278,781,-23,516,258,927,891
1536550252.319,794,-25,523,265,920,875
1536550252.328,785,-12,517,247,922,898
1536550252.344,786,-18,521,251,926,890
1536550252.38,772,-16,507,258,930,883
1536550252.413,781,-23,513,258,933,888
1536550252.448,786,-39,526,260,923,885
1536550252.462,780,-14,518,245,921,879
1536550252.478,763,-23,525,264,927,900
1536550252.604,785,-3,517,292,954,892
1536550252.623,788,-22,523,292,954,898
1536550252.647,793,2,521,303,965,894
1536550252.658,767,-19,528,301,957,881
1536550252.666,788,-22,523,301,954,886
1536550252.689,785,-9,534,289,972,898
1536550252.701,792,-8,532,307,967,890
1536550252.736,802,-26,533,294,954,897
1536550252.805,787,-16,533,297,965,908
1536550252.828,781,-13,545,306,965,917
1536550252.93,769,-23,525,279,942,877
1536550252.952,801,-18,532,293,953,888
1536550252.971,801,-15,535,319,958,888
1536550252.998,781,-4,513,303,977,883
1536550253.031,779,-16,531,301,969,892
1536550253.069,787,-20,533,320,968,891
1536550253.079,772,-17,536,288,956,897
1536550253.087,791,-18,517,306,963,909
1536550253.105,806,-12,537,301,957,895
1536550253.119,801,-5,535,302,987,893
1536550253.131,773,-9,540,298,954,895
1536550253.17,808,-4,536,302,968,899
1536550253.188,806,-12,540,304,966,895
1536550253.203,785,-9,528,295,957,886
1536550253.275,795,-14,535,305,961,902
1536550253.291,806,-15,531,307,975,906
1536550253.329,785,-34,523,286,963,875
1536550253.368,792,-27,532,299,970,896
1536550253.376,778,-17,542,291,968,894
1536550253.384,791,-12,540,301,966,912
1536550253.411,823,-7,557,314,1006,926
1536550253.505,764,-25,517,259,940,883
1536550253.584,781,-16,530,306,968,888
1536550253.633,786,-11,524,290,953,890
1536550253.64,799,-7,542,303,965,894
1536550253.662,786,-14,523,293,961,893
1536550253.673,796,-29,527,297,962,891
1536550253.743,806,-9,528,286,969,895
1536550253.76,783,-18,512,290,961,890
1536550253.802,789,1,535,299,970,910
1536550253.837,819,-14,538,316,970,910
1536550253.856,778,-23,522,267,930,883
1536550253.883,782,-25,517,242,926,895
1536550253.993,771,-17,526,240,906,867
1536550254.065,754,-20,516,235,904,885
1536550254.085,783,-24,538,260,915,893
1536550254.098,771,-36,515,240,912,885
1536550254.13,780,-36,521,242,906,887
1536550254.159,762,-33,521,248,906,873
1536550254.203,770,-31,514,265,914,886
1536550254.228,769,-41,507,249,916,874
1536550254.268,773,-28,517,250,928,875
1536550254.288,771,-36,532,260,926,902
1536550254.324,783,-30,518,248,918,882
1536550254.357,759,-30,512,257,912,887
1536550254.39,770,-19,520,259,914,904
1536550254.409,774,-27,515,254,918,879
1536550254.453,771,-33,506,254,912,873
1536550254.498,765,-33,503,248,909,868
1536550254.607,780,-39,518,257,921,893
1536550254.664,770,-40,514,265,914,878
1536550254.703,775,-32,516,252,916,880
1536550254.758,757,-32,516,252,913,871
1536550254.819,767,-12,505,244,925,881
1536550254.842,766,-32,516,243,924,877
1536550254.879,773,-28,514,245,905,875
1536550254.901,770,-40,528,259,923,887
1536550254.93,775,-29,516,264,936,903
1536550254.952,772,-23,519,264,930,888
1536550254.968,779,-22,511,250,917,886
1536550254.986,763,-29,527,252,930,891
1536550255.016,775,-35,516,241,910,868
1536550255.027,770,-34,526,242,902,878
1536550255.036,785,-25,517,239,917,881
1536550255.054,775,-32,501,261,913,886
1536550255.077,770,-31,502,253,920,875
1536550255.092,760,-35,507,249,922,886
1536550255.1,772,-32,519,246,910,883
1536550255.111,769,-23,510,249,904,883
1536550255.14,780,-30,518,248,912,890
1536550255.15,775,-29,510,273,913,880
1536550255.166,768,-24,529,251,924,873
1536550255.174,778,-20,519,258,907,914
1536550255.199,775,-20,530,267,930,894
1536550255.208,778,-41,507,238,927,883
1536550255.215,773,-19,526,271,937,921
1536550255.227,780,-27,526,263,915,876
1536550255.253,761,-9,517,265,920,875
1536550255.269,775,-20,522,264,916,891
1536550255.282,778,-16,518,243,904,891
1536550255.3,778,-29,516,258,910,897
1536550255.314,765,-36,538,254,929,888
1536550255.355,766,-29,513,258,927,868
1536550255.366,768,-33,526,263,923,907
1536550255.381,773,-6,531,242,922,924
1536550255.39,765,-11,526,263,935,927
1536550255.401,781,-13,522,246,921,911
1536550255.444,773,9,543,262,922,926
1536550255.489,782,-3,549,268,937,929
1536550255.497,787,-4,548,270,948,914
1536550255.513,772,23,580,279,962,963
1536550255.544,771,-24,526,248,918,887
1536550255.555,779,3,567,259,931,938
1536550255.562,789,-2,544,260,944,933
1536550255.579,793,5,554,267,936,945
1536550255.595,777,-18,541,254,929,902
1536550255.606,767,-3,549,265,937,918
1536550255.627,781,-23,542,252,927,903
1536550255.654,776,9,549,244,931,904
1536550255.678,795,19,571,272,955,942
1536550255.687,776,-3,558,265,943,915
1536550255.696,782,-12,555,271,943,921
1536550255.714,792,-8,547,260,926,916
1536550255.727,787,11,566,270,942,937
1536550255.79,780,-8,538,257,926,919
1536550255.807,791,-6,537,265,928,938
1536550255.828,777,-8,556,263,932,927
1536550255.861,792,-5,550,260,929,936
1536550255.876,777,7,565,257,938,927
1536550255.888,782,-3,567,253,937,921
1536550255.919,792,-8,550,242,944,913
1536550255.948,786,-11,553,260,944,919
1536550255.961,773,-25,540,250,911,881
1536550255.975,780,-5,573,269,938,933
1536550255.984,760,2,557,255,933,905
1536550256.01,766,-23,560,261,942,925
1536550256.025,785,0,552,265,931,918
1536550256.033,770,0,561,268,940,924
1536550256.057,782,-9,555,265,943,926
1536550256.072,787,2,566,279,951,920
1536550256.086,769,-4,560,282,939,914
1536550256.109,787,2,577,273,951,914
1536550256.123,786,-17,556,257,932,910
1536550256.14,776,-6,572,262,940,929
1536550256.222,774,-8,553,251,941,910
1536550256.262,779,-12,561,250,946,909
1536550256.291,780,-8,547,260,929,901
1536550256.305,768,-17,550,266,926,910
1536550256.315,778,-4,542,258,933,905
1536550256.338,783,-17,538,254,947,910
1536550256.359,778,5,583,282,956,963
1536550256.378,771,-2,556,269,938,927
1536550256.413,787,-7,560,270,942,911
1536550256.42,791,-3,549,262,928,901
1536550256.428,802,26,592,276,968,957
1536550256.437,782,-9,564,265,946,938
1536550256.456,788,-3,555,265,949,912
1536550256.552,772,-7,560,255,936,925
1536550256.596,774,-18,550,260,938,916
1536550256.611,781,-7,563,270,939,917
1536550256.619,767,-3,564,259,940,906
1536550256.66,787,-4,568,258,945,934
1536550256.67,783,-21,550,269,935,913
1536550256.685,793,-13,569,264,919,914
1536550256.7,776,-15,564,265,946,924
1536550256.711,787,-1,566,270,956,931
1536550256.731,786,1,565,266,961,939
1536550256.772,782,-31,529,256,920,895
1536550256.799,783,-30,541,260,935,890
1536550256.813,784,5,566,276,948,945
1536550256.929,803,-12,537,253,937,912
1536550256.965,779,0,558,265,949,932
1536550257.011,783,-21,562,266,944,922
1536550257.058,770,-31,514,247,911,895
1536550257.126,767,-25,505,233,908,878
1536550257.158,761,-31,520,239,920,872
1536550257.185,776,-28,528,250,902,878
1536550257.197,781,-41,522,241,910,880
1536550257.223,786,-39,523,242,912,882
1536550257.29,790,-26,516,247,916,889
1536550257.326,777,-36,512,254,906,873
1536550257.346,769,-38,519,243,910,888
1536550257.426,788,-19,517,247,914,881
1536550257.497,780,-30,535,251,918,893
1536550257.663,767,-40,528,244,911,886
1536550257.735,767,-40,514,247,905,872
1536550257.799,776,-37,523,259,917,892
1536550257.806,770,-37,529,253,911,898
1536550257.815,770,-40,526,242,902,858
1536550257.823,768,-36,521,245,900,876
1536550257.847,765,-39,515,243,909,882
1536550257.885,789,-18,538,275,959,905
1536550257.925,767,-25,534,277,954,909
1536550257.981,777,-36,529,275,964,910
1536550258.043,763,-50,530,285,968,931
1536550258.104,788,-25,534,268,958,912
1536550258.137,776,-18,534,286,969,921
1536550258.178,754,-38,542,279,948,914
1536550258.189,765,-36,526,278,953,910
1536550258.237,785,-6,537,289,963,929
1536550258.302,766,-35,542,261,948,914
1536550258.328,759,-36,518,284,967,913
1536550258.392,771,-42,532,296,964,919
1536550258.402,779,-31,531,268,949,909
1536550258.511,778,-35,542,294,974,920
1536550258.528,780,-18,538,299,973,908
1536550258.59,775,-26,530,282,951,914
1536550258.641,765,-30,529,281,961,936
1536550258.743,768,-36,532,293,953,916
1536550258.808,774,-36,541,272,941,905
1536550258.823,779,-34,537,280,955,915
1536550258.829,778,-35,519,279,933,880
1536550258.839,784,-35,528,258,922,886
1536550258.849,775,-20,530,294,959,929
1536550258.89,764,-16,534,289,955,901
1536550258.917,779,-37,540,253,937,889
1536550258.934,785,-16,534,280,943,930
1536550258.965,774,-18,544,287,964,936
1536550259.011,772,-29,554,297,965,934
1536550259.058,781,-38,522,270,948,900
1536550259.144,779,-22,549,315,995,955
1536550259.282,780,-21,538,284,973,927
1536550259.359,765,-36,538,284,961,922
1536550259.448,781,-38,536,264,945,900
1536550259.456,780,-33,529,272,958,910
1536550259.465,773,-28,525,271,940,895
1536550259.473,775,-23,542,264,953,914
1536550259.483,758,-34,531,277,954,921
1536550259.493,784,-35,530,249,939,883
1536550259.516,795,-27,538,281,955,925
1536550259.524,770,-22,531,274,954,912
1536550259.533,777,-27,538,269,953,902
1536550259.571,780,-30,532,278,961,925
1536550259.582,780,-42,529,287,944,908
1536550259.589,789,-42,526,281,970,905
1536550259.605,778,-29,530,279,959,909
1536550259.614,773,-40,540,274,940,895
1536550259.638,799,11,557,317,988,951
1536550259.651,780,-42,532,275,953,916
1536550259.674,770,-34,511,256,934,909
1536550259.692,762,-30,538,287,958,922
1536550259.713,772,-44,527,279,948,903
1536550259.745,773,-37,543,292,981,926
1536550259.757,784,-38,536,241,919,891
1536550259.77,771,-21,518,234,909,890
1536550259.782,769,-26,528,249,901,877
1536550259.806,792,-42,512,251,909,888
1536550259.852,767,-34,520,247,914,875
1536550259.861,773,-40,520,250,905,878
1536550259.869,791,-37,522,244,899,875
1536550259.886,785,-37,523,239,905,884
1536550259.897,774,-42,509,237,903,879
1536550259.918,769,-29,522,249,904,877
1536550259.954,774,-24,521,254,915,885
1536550259.984,778,-23,519,249,898,897
1536550260.007,787,-20,533,244,919,880
1536550260.021,781,-44,533,240,913,880
1536550260.054,743,-30,532,248,900,887
1536550260.069,782,-40,520,236,899,875
1536550260.082,777,-48,527,246,903,879
1536550260.096,765,-51,529,257,909,888
1536550260.109,782,-40,523,245,911,895
1536550260.121,777,-27,526,251,912,876
1536550260.144,786,-42,526,242,897,890
1536550260.158,791,-37,514,221,896,861
1536550260.166,791,-46,528,245,902,898
1536550260.177,774,-42,521,243,900,885
1536550260.192,787,-44,530,255,913,871
1536550260.207,782,-34,511,236,896,872
1536550260.217,773,-31,514,245,905,875
1536550260.223,782,-31,528,250,908,901
1536550260.232,767,-37,517,250,917,887
1536550260.243,780,-42,524,248,912,868
1536550260.276,789,-30,535,263,932,893
1536550260.29,786,-30,518,243,915,879
1536550260.299,765,-42,518,245,906,881
1536550260.348,784,-35,530,249,901,883
1536550260.4,778,-53,522,235,904,863
1536550260.453,781,-41,516,249,892,880
1536550260.463,763,-38,524,241,901,877
1536550260.471,780,-27,521,251,900,865
1536550260.48,772,-35,507,232,913,882
1536550260.493,765,-48,515,242,900,879
1536550260.513,761,-43,517,247,888,869
1536550260.522,766,-32,513,246,895,874
1536550260.53,768,-45,521,245,903,887
1536550260.538,755,-40,514,245,908,875
1536550260.549,770,-31,505,241,914,875
1536550260.574,782,-43,540,253,905,881
1536550260.588,780,-42,526,269,909,879
1536550260.596,775,-26,536,291,919,880
1536550260.605,772,-29,539,288,916,882
1536550260.615,789,-21,544,310,935,896
1536550260.628,791,-19,540,271,931,895
1536550260.642,785,-16,543,274,920,887
1536550260.672,788,-31,531,262,914,869
1536550260.694,779,-31,552,274,923,878
1536550260.705,777,-27,530,260,921,873
1536550260.793,784,-13,551,285,933,894
1536550260.842,784,-23,560,288,930,891
1536550260.85,791,-13,555,286,937,878
1536550260.879,782,-16,540,274,925,892
1536550260.896,778,-7,569,291,945,897
1536550260.913,786,-18,550,290,932,882
1536550260.927,796,-1,551,294,930,897
1536550260.934,780,-8,553,290,947,896
1536550260.96,787,-26,563,288,933,874
1536550260.975,777,-11,538,269,926,887
1536550260.987,778,-17,560,297,931,903
1536550261.001,783,-5,553,287,929,873
1536550261.024,761,-22,552,277,940,878
1536550261.056,766,-13,545,270,922,891
1536550261.075,781,-17,551,282,930,883
1536550261.132,792,-24,565,281,944,896
1536550261.206,779,-16,555,277,926,890
1536550261.273,776,-19,558,280,934,875
1536550261.308,783,-18,562,275,932,893
1536550261.344,803,-6,558,286,934,878
1536550261.354,786,-18,559,269,938,890
1536550261.388,798,-18,559,281,924,893
1536550261.432,765,-27,547,257,926,870
1536550261.457,793,-13,548,282,927,885
1536550261.531,771,-42,544,272,923,873
1536550261.549,779,-16,552,283,937,878
1536550261.613,805,-29,572,282,942,866
1536550261.647,793,5,574,303,959,900
1536550261.678,786,-11,562,275,929,893
1536550261.712,781,-1,566,291,945,909
1536550261.737,787,-20,560,273,922,886
1536550261.755,802,-10,554,267,924,888
1536550261.768,777,-21,553,284,938,893
1536550261.775,789,-15,574,284,941,896
1536550261.783,787,-16,569,282,930,900
1536550261.794,789,-18,553,269,932,876
1536550261.81,774,-21,565,284,932,887
1536550261.827,775,-13,554,285,927,880
1536550261.858,785,-16,567,280,920,878
1536550261.999,786,-11,567,281,949,901
1536550262.006,792,-18,559,278,938,882
1536550262.014,797,-31,552,268,931,898
1536550262.035,770,-6,552,280,928,878
1536550262.082,794,-9,561,280,931,878
1536550262.102,780,-21,556,278,935,882
1536550262.124,779,-16,558,283,937,892
1536550262.138,798,-2,550,275,938,888
1536550262.146,788,-25,567,286,926,892
1536550262.155,796,-17,551,285,933,880
1536550262.179,772,-20,548,276,930,883
1536550262.198,785,-16,552,295,925,881
1536550262.237,779,-28,549,277,931,881
1536550262.248,781,-32,551,273,913,883
1536550262.271,783,-36,550,260,915,876
1536550262.305,788,-28,561,271,937,884
1536550262.337,776,-28,555,274,928,887
1536550262.346,785,-6,570,286,946,895
1536550262.353,797,6,575,301,957,901
1536550262.361,781,-41,539,258,910,871
1536550262.379,791,-16,567,280,940,892
1536550262.395,777,-5,559,260,924,888
1536550262.434,784,-13,560,270,933,877
1536550262.443,789,-11,562,272,935,885
1536550262.452,791,-28,558,277,934,869
1536550262.46,789,-11,544,275,929,876
1536550262.469,791,-25,555,271,928,884
1536550262.477,776,-25,564,265,919,869
1536550262.486,784,-4,566,291,939,871
1536550262.493,781,-20,560,285,933,880
1536550262.502,780,-5,568,287,938,890
1536550262.523,779,-31,555,268,928,884
1536550262.535,787,-23,566,273,927,885
1536550262.542,779,-19,567,280,925,889
1536550262.551,788,-12,558,280,905,887
1536550262.584,770,-34,534,236,896,881
1536550262.598,762,-36,524,240,897,862
1536550262.611,764,-49,522,239,882,878
1536550262.625,762,-57,526,234,897,876
1536550262.642,780,-33,535,240,903,885
1536550262.65,776,-34,531,242,897,858
1536550262.7,770,-43,540,227,891,889
1536550262.716,784,-50,528,249,896,880
1536550262.799,773,-40,534,239,888,866
1536550262.823,791,-31,528,250,899,889
1536550262.846,767,-37,526,236,897,872
1536550262.864,781,-35,516,241,892,880
1536550262.886,775,-47,527,238,904,883
1536550262.899,790,-44,530,241,901,866
1536550262.937,767,-49,523,236,870,884
1536550262.991,788,-43,525,250,896,875
1536550263.039,787,-50,530,241,901,888
1536550263.111,783,-33,518,248,892,890
1536550263.128,771,-39,518,242,909,887
1536550263.161,778,-47,519,229,898,877
1536550263.18,783,-36,512,237,897,870
1536550263.208,757,-50,522,241,901,869
1536550263.226,769,-32,522,235,890,868
1536550263.236,791,-40,534,227,902,878
1536550263.244,774,-45,529,240,895,865
1536550263.252,785,-46,523,239,908,872
1536550263.261,778,-47,522,232,893,860
1536550263.268,777,-30,509,254,886,876
1536550263.3,773,-40,528,230,894,872
1536550263.311,765,-45,518,237,903,859
1536550263.319,762,-45,521,228,886,876
1536550263.341,775,-47,516,229,898,874
1536550263.366,779,-31,528,236,917,889
1536550263.38,789,-42,529,231,889,853
1536550263.395,771,-42,515,237,889,862
1536550263.413,758,-55,517,230,891,869
1536550263.445,764,-49,526,245,896,872
1536550263.483,776,-34,525,242,888,869
1536550263.533,789,-30,529,245,900,876
1536550263.545,768,-33,515,246,912,888
1536550263.571,775,-32,533,252,919,911
1536550263.583,783,-51,529,242,915,916
1536550263.611,789,-33,544,243,906,916
1536550263.624,771,-21,556,251,915,916
1536550263.65,768,-21,547,260,923,924
1536550263.668,784,-20,551,255,922,920
1536550263.691,770,-40,540,262,922,918
1536550263.722,786,-30,571,263,932,928
1536550263.731,775,-35,527,246,913,903
1536550263.748,776,-31,561,247,917,906
1536550263.759,767,-52,552,245,920,912
1536550263.772,776,-34,549,236,908,898
1536550263.807,786,-27,550,254,927,911
1536550263.862,783,-24,547,240,929,910
1536550263.937,788,-34,543,242,908,898
1536550264.012,776,-15,567,259,934,912
1536550264.028,769,-16,569,252,921,900
1536550264.077,783,-27,562,260,932,919
1536550264.087,776,-28,564,256,931,904
1536550264.103,769,-20,575,255,936,926
1536550264.11,786,-27,562,260,926,910
1536550264.139,781,-38,566,252,910,908
1536550264.152,778,-32,557,249,919,908
1536550264.16,786,-24,559,245,926,902
1536550264.177,782,-28,561,259,943,926
1536550264.184,786,-21,568,257,929,922
1536550264.193,789,-30,568,254,935,907
1536550264.201,777,-33,556,257,926,902
1536550264.219,790,-13,583,267,956,948
1536550264.276,797,-28,561,253,937,915
1536550264.285,761,-28,561,250,917,912
1536550264.325,779,-22,584,268,957,946
1536550264.338,777,-39,568,251,929,927
1536550264.355,785,-19,575,256,934,915
1536550264.366,761,-25,558,247,922,906
1536550264.382,782,-31,552,247,925,909
1536550264.39,774,-21,547,237,906,873
1536550264.407,800,-19,564,256,931,901
1536550264.417,784,-32,545,243,927,905
1536550264.44,787,-19,560,258,930,925
1536550264.45,766,-32,566,244,916,914
1536550264.482,780,-30,571,263,938,913
1536550264.511,787,-32,557,258,927,894
1536550264.535,786,-24,571,257,932,916
1536550264.552,767,-37,523,244,905,889
1536550264.574,766,-29,554,252,930,900
1536550264.615,784,-38,557,241,919,911
1536550264.626,775,-38,551,249,910,897
1536550264.713,788,-12,570,256,923,918
1536550264.731,773,-19,570,253,934,915
1536550264.759,776,-40,567,250,928,918
1536550264.78,778,-26,554,264,927,923
1536550264.798,760,-17,560,252,916,888
1536550264.866,795,-17,559,245,935,924
1536550264.884,774,-27,568,257,926,905
1536550264.912,784,-32,560,252,936,906
1536550264.943,782,-22,546,247,914,909
1536550264.993,792,-33,559,251,921,896
1536550265.009,768,-24,562,245,923,896
1536550265.039,771,-24,559,263,918,913
1536550265.308,793,-20,577,252,916,911
1536550265.373,773,-34,543,233,902,903
1536550265.389,782,-28,543,244,888,924
1536550265.441,781,-50,522,223,884,854
1536550265.455,786,-45,532,231,880,876
1536550265.463,771,-21,529,254,874,899
1536550265.493,782,-58,528,242,882,866
1536550265.507,784,-47,516,226,858,866
1536550265.523,767,-43,528,218,876,855
1536550265.531,770,-46,531,230,879,872
1536550265.546,781,-32,530,241,872,877
1536550265.558,772,-47,525,229,890,860
1536550265.575,771,-39,527,243,874,873
1536550265.588,787,-38,527,244,881,880
1536550265.596,784,-47,510,232,872,851
1536550265.605,782,-40,537,224,864,878
1536550265.612,770,-34,525,227,882,875
1536550265.621,770,-34,526,242,888,872
1536550265.628,777,-21,512,240,883,873
1536550265.637,777,-39,535,237,889,876
1536550265.678,779,-40,523,233,885,878
1536550265.692,767,-46,514,230,876,872
1536550265.711,783,-39,518,231,871,876
1536550265.727,775,-47,536,249,881,866
1536550265.744,787,-41,519,235,892,877
1536550265.763,778,-59,516,235,878,871
1536550265.801,770,-34,534,242,911,892
1536550265.824,777,-39,527,225,877,876
1536550265.851,781,-50,519,241,898,877
1536550265.897,788,-31,523,236,873,864
1536550265.929,772,-53,536,232,869,863
1536550265.98,791,-49,540,227,879,855
1536550265.993,783,-39,518,248,871,884
1536550266.008,769,-35,513,229,887,871
1536550266.019,780,-45,529,228,880,876
1536550266.069,779,-19,525,227,879,866
1536550266.102,768,-39,524,228,868,870
1536550266.115,779,-46,514,244,890,886
1536550266.165,791,-25,531,256,911,906
1536550266.173,771,-27,544,254,921,916
1536550266.222,780,-36,538,246,918,899
1536550266.234,778,-29,548,249,933,909
1536550266.264,781,-23,539,246,910,905
1536550266.304,797,-22,543,262,931,924
1536550266.338,764,-31,543,271,931,915
1536550266.35,783,-45,538,263,909,916
1536550266.375,781,-32,524,264,898,902
1536550266.397,772,-29,545,264,924,914
1536550266.406,773,-34,540,262,917,907
1536550266.438,785,-28,534,265,902,904
1536550266.478,774,-27,529,275,938,916
1536550266.533,773,-19,555,286,931,915
1536550266.545,780,-42,541,251,915,884
1536550266.553,785,-22,546,256,908,912
1536550266.564,782,-34,546,250,917,907
1536550266.614,765,-33,544,266,926,910
1536550266.627,776,-28,561,280,943,924
1536550266.645,768,-24,562,266,921,908
1536550266.668,768,-24,556,266,920,916
1536550266.676,785,-25,558,265,920,898
1536550266.713,774,-30,559,269,918,913
1536550266.726,788,-15,552,277,928,924
1536550266.745,783,-33,550,266,912,905
1536550266.76,762,-30,568,269,912,907
1536550266.775,791,-25,552,265,911,903
1536550266.814,787,-29,533,261,913,914
1536550266.828,796,-23,545,255,907,911
1536550266.845,780,-27,553,275,918,896
1536550266.862,782,-25,549,256,899,912
1536550266.9,776,-25,552,259,905,884
1536550266.909,779,-9,575,292,954,944
1536550266.936,766,-50,527,252,890,891
1536550266.98,795,-21,562,257,903,916
1536550266.99,788,-37,552,259,905,898
1536550266.998,765,-30,544,266,921,916
1536550267.009,782,-22,543,256,911,895
1536550267.024,780,-30,532,266,903,893
1536550267.032,778,-44,557,255,916,914
1536550267.067,763,-29,563,261,922,920
1536550267.109,787,-26,569,282,924,926
1536550267.162,781,-26,542,270,919,911
1536550267.222,784,-29,554,276,918,908
1536550267.272,784,-32,551,258,913,926
1536550267.318,769,-23,551,273,901,906
1536550267.329,777,-33,556,275,909,919
1536550267.427,788,-40,558,274,905,918
1536550267.49,776,-34,549,259,905,901
1536550267.506,778,-29,545,249,904,891
1536550267.537,775,-50,545,261,893,900
1536550267.579,778,-32,560,246,904,891
1536550267.598,766,-32,548,267,910,908
1536550267.617,780,-14,556,278,900,907
1536550267.65,766,-38,557,264,904,908
1536550267.679,781,-35,539,246,895,905
1536550267.741,788,-21,572,298,951,938
1536550267.759,799,-23,557,273,910,920
1536550267.775,788,-25,567,274,923,929
1536550267.799,782,-31,543,250,882,878
1536550267.892,783,-21,521,237,859,882
1536550267.906,764,-40,523,239,879,884
1536550267.915,781,-50,524,223,852,880
1536550267.981,785,-43,511,218,847,866
1536550267.998,773,-46,543,250,867,878
1536550268.015,775,-38,530,214,861,868
1536550268.154,775,-53,519,232,878,868
1536550268.169,768,-54,524,219,854,879
1536550268.188,773,-43,525,233,867,843
1536550268.285,782,-34,528,236,879,875
1536550268.331,792,-39,523,228,868,858
1536550268.394,775,-44,530,238,863,877
1536550268.414,780,-36,518,234,862,873
1536550268.455,774,-48,529,225,854,873
1536550268.475,786,-33,538,243,854,887
1536550268.485,783,-42,535,240,868,885
1536550268.492,791,-31,534,239,856,867
1536550268.517,783,-27,520,237,859,876
1536550268.535,758,-43,531,227,864,881
1536550268.562,781,-32,521,235,866,871
1536550268.599,787,-47,533,235,860,883
1536550268.641,769,-29,516,232,852,857
1536550268.674,774,-45,526,243,860,879
1536550268.681,780,-48,518,228,845,870
1536550268.712,771,-42,521,222,845,859
1536550268.738,782,-49,528,250,853,861
1536550268.748,796,-35,539,285,890,897
1536550268.755,788,-52,555,268,893,883
1536550268.765,781,-50,533,279,901,894
1536550268.814,777,-39,574,284,909,899
1536550268.822,775,-47,536,261,881,874
1536550268.83,780,-39,547,269,889,885
1536550268.839,792,-39,538,254,880,867
1536550268.847,764,-46,540,259,882,861
1536550268.86,784,-38,557,285,893,888
1536550268.873,764,-28,570,271,914,909
1536550268.887,786,-21,574,272,900,893
1536550268.906,781,-26,545,264,907,880
1536550268.953,780,-36,562,257,900,882
1536550268.988,793,-20,563,273,907,894
1536550269.042,781,-32,566,261,887,900
1536550269.127,790,-29,557,276,896,880
1536550269.143,772,-32,557,273,890,874
1536550269.172,790,-32,566,252,896,869
1536550269.193,769,-38,566,264,881,857
1536550269.231,783,-27,556,272,909,899
1536550269.25,800,-19,555,262,885,872
1536550269.263,790,-35,571,279,890,897
1536550269.276,803,-28,564,277,911,892
1536550269.292,798,-36,562,269,897,870
1536550269.306,791,-40,558,259,908,881
1536550269.318,775,-29,572,285,913,891
1536550269.354,779,-34,567,256,879,881
1536550269.371,779,-28,564,271,896,878
1536550269.386,793,-44,563,267,893,888
1536550269.404,777,-36,567,266,888,890
1536550269.418,780,-24,570,275,900,864
1536550269.432,767,-37,567,265,896,869
1536550269.46,780,-33,562,275,900,887
1536550269.476,784,-32,557,264,884,874
1536550269.49,784,-20,583,273,921,891
1536550269.5,803,-46,546,262,894,890
1536550269.541,759,-30,571,275,889,879
1536550269.571,777,-27,559,281,892,888
1536550269.605,779,-40,567,286,896,878
1536550269.614,776,-28,567,271,908,901
1536550269.631,786,-45,562,263,900,870
1536550269.639,781,-38,551,267,898,885
1536550269.672,785,-25,558,271,905,889
1536550269.686,787,-32,572,276,901,874
1536550269.705,786,-33,550,269,897,882
1536550269.724,784,-29,551,270,887,877
1536550269.757,795,-33,562,272,886,893
1536550269.772,788,-25,561,280,893,889
1536550269.781,786,-39,579,290,915,896
1536550269.796,772,-35,560,276,887,888
1536550269.861,763,-35,566,276,898,897
1536550269.873,784,-29,566,273,901,897
1536550269.886,791,-46,575,280,905,886
1536550269.897,782,-34,572,271,908,869
1536550269.93,781,-17,577,291,919,911
1536550269.948,773,-31,567,280,905,878
1536550269.968,777,-45,541,257,865,862
1536550269.985,768,-17,567,275,897,893
1536550270.004,793,-19,598,297,921,905
1536550270.046,777,-57,550,266,877,884
1536550270.059,779,-40,567,277,890,892
1536550270.067,791,-31,558,280,893,898
1536550270.085,770,-37,564,274,876,889
1536550270.094,768,-42,565,278,880,893
1536550270.117,790,-20,574,282,910,894
1536550270.126,789,-27,550,263,892,885
1536550270.133,789,-30,565,275,886,890
1536550270.173,793,-38,554,249,872,880
1536550270.249,783,-36,562,272,900,879
1536550270.315,773,-37,555,274,873,889
1536550270.36,777,-36,562,272,868,887
1536550270.395,772,-41,566,270,893,888
1536550270.424,774,-39,559,260,877,890
1536550270.439,770,-34,570,274,891,895
1536550270.479,777,-42,559,278,886,896
1536550270.499,782,-37,549,274,888,881
1536550270.554,774,-36,556,272,892,888
1536550270.566,796,-29,569,270,881,877
1536550270.583,798,-27,568,281,889,899
1536550270.604,772,-41,560,267,884,880
1536550270.618,777,-30,556,269,892,893
1536550270.647,790,-26,583,282,910,900
1536550270.654,779,-28,558,256,879,875
1536550270.678,776,-34,570,271,882,886
1536550270.736,782,-40,575,283,893,872
1536550270.804,786,-54,523,219,845,870
1536550270.882,769,-44,530,229,837,874
1536550270.896,775,-32,525,244,843,874
1536550270.913,763,-47,527,226,840,868
1536550270.94,794,-40,528,227,838,861
1536550270.961,777,-42,526,234,839,862
1536550271.046,777,-45,523,228,839,856
1536550271.062,780,-39,526,245,857,870
1536550271.127,776,-46,528,230,835,864
1536550271.144,776,-46,546,239,847,878
1536550271.162,774,-30,524,240,851,873
1536550271.178,780,-48,526,225,833,879
