time,2,4,6,8,10,12,18,20,22,24,26,28
1533769367.905,132,482,511,534,605,569,547,602,465,389,441,555
1533769367.933,138,500,507,555,622,582,549,624,469,385,465,577
1533769367.954,159,527,545,546,625,582,558,648,481,391,470,577
1533769367.965,168,537,538,558,649,594,577,651,502,400,465,597
1533769367.976,192,536,553,567,642,596,585,656,501,395,469,590
1533769367.999,194,541,546,563,644,592,569,661,497,400,471,603
1533769368.009,190,546,551,568,643,609,565,668,507,399,470,605
1533769368.018,173,538,543,569,653,604,587,669,503,403,479,612
1533769368.032,188,544,552,560,650,622,581,655,497,415,479,592
1533769368.057,190,540,560,568,655,600,583,660,505,405,487,602
1533769368.068,176,532,555,573,644,598,584,652,503,397,465,612
1533769368.091,172,549,566,562,655,606,589,663,508,411,479,608
1533769368.101,194,541,549,582,656,619,572,661,500,412,482,612
1533769368.118,180,554,559,582,666,611,576,662,516,419,495,610
1533769368.157,197,553,549,560,647,604,581,664,497,400,477,603
1533769368.167,172,543,554,565,649,609,598,660,505,397,476,608
1533769368.175,180,536,544,564,651,596,579,656,498,410,486,598
1533769368.189,190,552,551,581,655,609,604,660,496,405,476,600
1533769368.2,168,524,547,558,648,611,570,647,509,395,492,604
1533769368.216,170,550,549,563,650,595,575,652,508,386,471,598
1533769368.225,173,541,549,566,650,610,569,663,502,403,482,597
1533769368.234,185,550,561,572,650,604,584,670,506,404,488,609
1533769368.249,179,538,543,557,653,607,572,664,491,409,471,600
1533769368.259,180,545,547,558,639,605,573,659,498,410,480,604
1533769368.274,181,552,545,584,658,609,589,669,496,391,473,594
1533769368.284,186,542,547,573,672,611,576,662,495,413,475,610
1533769368.302,194,544,555,572,662,601,572,664,506,392,483,604
1533769368.329,186,539,550,552,657,611,579,676,498,407,472,613
1533769368.345,184,537,545,562,652,585,577,654,502,391,464,594
1533769368.363,174,542,534,577,657,605,582,676,501,404,475,604
1533769368.375,185,541,561,563,656,607,578,652,506,398,477,609
1533769368.383,198,542,550,564,657,614,579,656,504,410,492,613
1533769368.401,184,537,554,562,652,597,580,657,496,391,481,608
1533769368.432,189,548,556,570,657,614,585,656,512,413,478,596
1533769368.444,177,526,541,583,645,614,570,662,498,416,469,604
1533769368.46,184,537,539,553,646,603,577,657,502,402,470,594
1533769368.474,182,541,543,569,653,613,575,667,506,409,471,598
1533769368.498,178,528,529,568,640,612,577,657,496,399,478,608
1533769368.507,184,555,539,575,655,603,574,651,490,402,478,602
1533769368.517,174,551,550,567,651,605,570,673,501,393,475,610
1533769368.534,182,541,543,563,653,610,569,669,506,400,488,609
1533769368.553,172,534,545,559,652,609,571,660,499,393,470,608
1533769368.566,170,532,549,575,656,601,575,652,500,395,477,592
1533769368.576,185,541,549,575,653,613,584,655,509,412,477,603
1533769368.601,183,548,556,564,663,608,566,668,513,399,486,610
1533769368.626,189,557,559,573,645,608,570,656,512,396,483,610
1533769368.64,185,541,552,578,656,616,575,670,512,406,480,604
1533769368.658,185,544,549,579,656,619,587,661,509,403,477,624
1533769368.684,188,550,543,566,659,616,578,667,508,406,482,603
1533769368.7,176,559,570,569,647,607,590,670,506,389,480,618
1533769368.719,186,548,541,570,651,626,585,673,507,393,478,616
1533769368.733,175,531,545,565,643,603,580,666,513,394,476,608
1533769368.752,178,549,536,568,652,609,565,663,484,391,473,599
1533769368.766,191,535,558,560,656,619,581,664,494,403,485,615
1533769368.79,178,543,554,574,646,618,583,660,505,402,484,605
1533769368.811,193,528,554,552,649,615,580,666,496,399,476,608
1533769368.843,183,551,550,573,660,614,573,656,504,401,466,593
1533769368.876,184,564,560,565,664,612,589,666,505,411,482,606
1533769368.906,182,535,552,566,656,613,596,669,497,392,485,609
1533769368.914,208,548,553,583,660,608,573,671,504,410,489,616
1533769368.926,189,542,550,564,663,608,579,665,498,413,483,598
1533769368.964,188,532,540,563,653,610,569,675,500,406,477,606
1533769368.972,182,544,558,579,650,619,575,667,500,395,479,609
1533769368.98,179,526,546,566,644,586,572,658,503,383,468,597
1533769369.03,188,544,558,572,644,616,566,661,503,403,474,612
1533769369.038,182,538,558,563,656,613,569,667,508,400,468,609
1533769369.063,190,546,551,562,646,609,571,651,507,411,470,608
1533769369.073,188,535,546,563,653,598,581,661,494,403,479,600
1533769369.13,193,540,560,571,664,621,589,666,508,403,496,623
1533769369.155,190,534,554,575,655,609,580,663,487,394,481,614
1533769369.165,177,545,541,561,645,605,582,659,501,401,480,616
1533769369.18,181,555,557,565,649,609,589,672,499,408,476,614
1533769369.189,187,540,548,565,655,621,574,660,502,402,484,617
1533769369.215,186,551,538,561,642,611,579,662,495,392,480,598
1533769369.229,199,543,560,577,655,612,583,657,508,422,490,614
1533769369.248,188,544,561,572,659,613,578,670,517,406,477,601
1533769369.273,198,548,550,567,654,611,585,676,510,404,492,613
1533769369.297,194,550,549,563,656,613,596,661,506,397,468,606
1533769369.312,193,546,557,571,652,615,583,660,499,394,479,608
1533769369.342,189,533,538,561,666,611,588,656,504,395,477,610
1533769369.369,183,545,547,573,657,602,594,668,507,396,472,599
1533769369.38,194,553,555,579,668,619,575,667,503,398,482,603
1533769369.403,187,555,560,578,661,603,592,669,508,399,479,605
1533769369.427,195,548,571,570,666,617,582,668,501,416,481,619
1533769369.448,185,556,552,572,659,610,584,672,503,403,482,601
1533769369.462,191,541,564,572,653,604,584,664,514,418,477,595
1533769369.488,185,553,546,572,650,610,578,661,497,400,474,606
1533769369.505,196,558,560,571,658,612,598,657,510,419,476,620
1533769369.521,185,541,546,570,641,604,584,649,499,388,476,597
1533769369.538,178,540,548,574,646,612,580,663,505,391,481,597
1533769369.549,192,551,547,577,654,611,576,659,509,401,472,599
1533769369.571,182,547,543,576,665,619,575,652,503,389,474,595
1533769369.588,182,547,543,566,659,607,593,658,511,415,480,609
1533769369.604,192,551,556,561,666,602,573,656,518,401,480,599
1533769369.619,201,560,556,561,651,623,582,668,515,404,481,602
1533769369.637,189,551,550,567,663,611,576,656,501,407,489,593
1533769369.646,186,545,562,561,660,602,585,662,515,401,475,593
1533769369.67,177,551,541,577,654,608,582,667,506,407,475,596
1533769369.7,186,551,547,580,654,611,582,668,507,416,472,616
1533769369.844,182,550,555,566,659,610,575,658,514,409,471,615
1533769369.885,194,550,558,560,671,607,596,664,503,406,491,606
1533769369.902,188,541,555,563,644,613,566,664,503,409,477,598
1533769369.935,177,533,556,574,663,617,588,670,503,398,469,604
1533769370.002,191,566,552,572,641,610,590,667,520,406,477,601
1533769370.01,180,554,559,567,663,599,579,668,507,393,475,607
1533769370.021,193,546,560,572,646,606,568,645,501,402,484,593
1533769370.034,186,539,547,564,648,602,588,659,518,407,463,607
1533769370.044,191,544,564,575,656,613,572,664,511,395,485,615
1533769370.064,186,563,562,576,666,623,591,668,518,396,484,599
1533769370.078,200,544,558,581,665,613,578,676,515,412,477,618
1533769370.099,182,557,546,563,659,610,572,666,511,392,485,592
1533769370.11,189,567,556,570,654,626,591,671,521,410,500,613
1533769370.117,194,544,540,572,656,619,581,661,491,395,477,595
1533769370.129,184,549,560,590,655,618,574,669,525,402,484,614
1533769370.144,185,550,546,557,653,610,566,649,500,403,482,598
1533769370.165,183,542,562,561,666,611,591,671,515,416,492,625
1533769370.179,183,560,550,583,657,611,585,662,510,416,486,604
1533769370.203,192,557,544,573,663,614,585,668,501,410,475,610
1533769370.283,192,542,541,567,654,599,579,644,501,390,480,584
1533769370.333,187,568,551,574,658,621,586,683,508,411,484,617
1533769370.363,180,548,541,567,651,605,585,659,504,407,469,604
1533769370.408,175,546,566,574,658,618,580,666,519,411,487,597
1533769370.428,179,550,558,579,638,604,590,658,509,403,485,606
1533769370.5,183,560,562,576,666,617,573,671,512,413,466,610
1533769370.527,200,569,555,566,662,613,581,675,514,418,480,595
1533769370.599,194,550,546,569,647,613,575,672,508,395,477,600
1533769370.627,199,543,545,568,661,600,589,663,499,405,473,600
1533769370.641,188,550,558,575,665,613,596,667,514,406,482,606
1533769370.655,182,538,552,569,641,613,596,664,511,392,474,597
1533769370.666,197,557,552,579,659,616,602,666,508,406,471,612
1533769370.676,185,553,552,569,659,598,581,667,506,403,479,600
1533769370.692,198,567,537,567,657,623,591,676,512,410,483,616
1533769370.713,188,553,552,582,650,622,575,661,503,406,477,603
1533769370.724,194,547,549,579,647,601,584,667,503,406,474,600
1533769370.734,207,553,564,569,653,616,584,670,506,420,488,606
1533769370.753,182,541,549,572,662,619,596,664,511,392,485,609
1533769370.765,200,544,567,582,662,628,581,675,511,398,474,612
1533769370.776,189,533,550,570,663,614,573,653,501,404,480,616
1533769370.792,184,555,545,571,655,618,589,657,510,408,484,591
1533769370.808,191,550,543,575,647,610,593,664,514,409,485,609
1533769370.823,190,555,557,577,649,615,592,672,511,411,476,605
1533769370.832,187,549,554,568,658,618,565,663,507,405,464,597
1533769370.84,183,551,547,586,663,617,603,662,509,404,475,599
1533769370.849,185,547,552,576,659,601,578,669,508,389,476,600
1533769370.884,187,543,554,568,655,612,571,666,513,405,479,594
1533769370.915,186,536,550,577,663,602,573,656,504,395,477,598
1533769370.94,192,548,562,567,651,593,567,676,507,404,475,604
1533769370.982,193,565,554,571,655,606,574,669,508,399,481,611
1533769370.999,197,550,567,585,665,613,578,690,509,409,485,621
1533769371.016,184,543,539,571,661,606,580,677,510,399,473,608
1533769371.036,188,556,549,582,656,607,575,655,511,409,468,606
1533769371.049,188,538,558,597,653,634,593,672,511,412,480,606
1533769371.07,176,538,543,563,653,607,566,663,488,400,468,594
1533769371.084,187,540,563,587,658,606,592,663,505,405,493,602
1533769371.102,179,553,561,569,653,610,584,664,508,406,471,606
1533769371.127,188,538,546,576,659,607,581,666,508,400,476,606
1533769371.139,194,560,555,576,662,622,587,669,497,403,485,595
1533769371.148,185,547,558,572,653,610,581,661,523,389,485,595
1533769371.16,189,561,553,574,657,602,588,676,501,398,489,613
1533769371.173,184,562,545,562,664,615,586,668,510,402,478,599
1533769371.182,189,554,559,570,669,611,576,659,515,419,475,604
1533769371.2,194,547,552,560,656,610,575,658,520,403,488,606
1533769371.216,187,552,557,572,649,612,571,660,510,399,473,611
1533769371.231,185,559,561,575,665,619,575,667,509,415,477,603
1533769371.241,192,539,562,577,663,623,585,656,504,404,480,601
1533769371.264,185,544,558,569,653,625,569,664,508,406,462,606
1533769371.286,190,555,554,574,661,627,583,677,513,405,487,614
1533769371.313,190,555,554,575,643,609,583,666,516,388,490,614
1533769371.323,183,551,556,577,645,614,585,667,501,404,489,604
1533769371.347,192,542,553,583,660,620,573,673,498,412,469,610
1533769371.364,196,558,560,574,673,615,595,677,513,402,476,623
1533769371.374,190,549,554,568,661,609,589,657,513,408,484,608
1533769371.397,194,556,558,579,671,613,602,684,511,406,474,603
1533769371.407,195,554,550,567,648,608,573,662,498,384,466,610
1533769371.43,191,544,549,576,656,607,569,678,505,406,468,606
1533769371.44,206,549,557,559,667,609,571,677,516,405,484,602
1533769371.458,193,546,560,574,658,621,589,669,519,417,482,605
1533769371.474,194,553,571,588,653,625,605,675,494,406,474,612
1533769371.496,195,561,553,567,663,611,582,653,512,398,480,601
1533769371.513,182,553,537,566,653,610,584,658,508,406,476,618
1533769371.528,185,541,549,576,653,610,575,661,511,400,468,612
1533769371.546,182,544,552,560,671,619,581,667,523,403,482,621
1533769371.569,182,553,549,563,662,607,569,664,514,409,476,603
1533769371.58,196,549,560,568,658,618,586,660,510,396,484,602
1533769371.598,189,564,562,567,660,623,582,662,509,398,478,604
1533769371.615,183,551,553,576,669,617,585,659,507,401,486,616
1533769371.638,173,544,537,579,650,622,584,649,514,397,482,612
1533769371.668,184,552,548,584,655,621,589,674,508,405,482,611
1533769371.68,193,562,557,575,646,606,592,665,513,405,470,608
1533769371.696,192,542,562,580,663,614,579,668,518,410,486,616
1533769371.713,174,542,559,564,660,620,582,662,498,398,478,610
1533769371.74,179,547,552,576,662,607,584,672,517,409,479,595
1533769371.754,187,552,572,577,670,633,586,686,519,406,505,617
1533769371.779,182,563,549,569,659,616,596,664,509,409,482,603
1533769371.794,192,542,562,570,654,617,585,673,527,401,500,616
1533769371.812,188,541,555,566,659,610,584,664,503,412,476,603
1533769371.821,188,550,549,572,659,616,590,672,529,406,477,606
1533769371.838,184,549,551,577,658,615,592,680,513,408,484,597
1533769371.861,176,541,555,563,650,610,575,663,505,406,485,594
1533769371.879,176,550,540,547,653,619,584,661,500,403,474,597
1533769371.888,183,536,544,564,660,611,576,659,498,410,483,619
1533769371.908,189,548,556,570,675,614,597,676,501,407,495,607
1533769371.922,192,570,565,579,672,614,588,676,521,407,489,622
1533769371.945,176,538,546,566,650,622,587,661,500,403,476,618
1533769371.955,169,546,542,578,670,603,583,657,507,393,484,599
1533769371.978,199,552,557,584,664,621,577,668,510,405,493,605
1533769371.995,184,552,554,574,655,600,583,657,502,402,479,608
1533769372.012,175,562,573,572,655,618,580,663,502,402,478,605
1533769372.028,186,551,541,577,660,608,594,667,515,407,486,610
1533769372.044,186,551,541,567,657,605,591,662,507,404,483,619
1533769372.055,190,558,557,565,655,621,586,666,508,414,496,611
1533769372.077,191,544,546,579,659,619,578,672,505,403,474,603
1533769372.086,168,548,556,567,660,623,582,662,512,404,477,616
1533769372.094,181,555,554,565,667,609,568,674,499,402,470,614
1533769372.109,177,551,562,583,675,614,591,665,506,410,486,610
1533769372.121,183,545,550,577,651,599,576,656,509,401,477,621
1533769372.145,183,545,547,580,645,596,582,673,515,398,478,610
1533769372.161,195,557,562,580,663,617,582,673,515,407,475,616
1533769372.175,188,547,555,588,665,610,590,661,511,412,482,612
1533769372.211,188,544,565,563,662,607,578,669,508,403,473,600
1533769372.219,178,552,579,565,661,606,586,660,499,408,484,602
1533769372.243,183,542,550,561,657,608,582,668,512,416,480,616
1533769372.253,200,553,555,566,674,619,581,667,509,418,488,615
1533769372.269,180,555,541,574,654,602,570,661,495,401,483,613
1533769372.277,186,548,556,577,660,614,585,673,515,404,480,613
1533769372.309,179,544,543,563,662,607,578,652,494,400,473,615
1533769372.342,188,553,561,579,659,613,575,664,506,417,482,600
1533769372.351,207,550,558,566,659,613,587,678,517,417,482,612
1533769372.371,192,545,547,567,651,620,591,653,501,418,475,613
1533769372.398,189,558,547,571,654,608,582,662,506,404,480,613
1533769372.411,198,548,550,567,660,608,582,665,509,404,480,604
1533769372.427,184,565,563,581,661,609,592,669,519,417,498,623
1533769372.445,189,554,556,576,672,617,585,665,515,390,475,613
1533769372.46,196,562,566,575,655,618,583,686,513,402,473,614
1533769372.476,204,563,568,579,669,614,588,679,527,404,498,622
1533769372.487,176,550,555,570,665,619,575,646,514,400,476,615
1533769372.509,200,547,558,572,668,622,578,658,514,412,488,612
1533769372.525,189,567,550,577,660,611,594,670,515,401,483,619
1533769372.54,188,563,552,566,668,613,581,664,508,409,488,612
1533769372.576,198,548,547,580,663,620,600,671,510,407,489,613
1533769372.609,199,552,557,584,664,618,589,683,516,405,476,617
1533769372.63,195,554,565,567,669,605,585,671,518,410,481,613
1533769372.642,182,544,537,576,665,622,602,675,508,400,485,618
1533769372.652,188,544,546,566,650,601,578,672,508,394,479,603
1533769372.67,194,547,552,576,659,607,581,667,517,397,477,609
1533769372.697,206,559,558,578,662,622,590,684,517,415,494,621
1533769372.709,206,565,554,568,661,612,586,674,510,411,484,626
1533769372.73,197,553,555,573,659,610,575,664,511,400,479,597
1533769372.752,180,564,556,577,654,617,573,662,509,398,480,616
1533769372.767,201,554,553,595,669,623,591,671,518,413,492,613
1533769372.775,193,546,551,581,655,603,583,671,510,414,481,611
1533769372.788,192,560,562,586,675,614,597,674,521,422,498,622
1533769372.802,195,554,565,573,663,620,582,676,515,413,495,613
1533769372.817,181,555,560,571,667,615,592,666,513,402,498,605
1533769372.829,185,572,555,585,662,613,593,672,509,418,474,627
1533769372.842,185,572,561,569,656,610,587,669,514,409,485,615
1533769372.859,184,549,567,578,655,618,574,671,513,405,467,625
1533769372.876,195,548,562,580,663,614,576,662,504,410,489,607
1533769372.895,200,556,564,569,674,613,578,678,529,423,491,621
1533769372.908,189,555,541,567,657,611,576,659,515,381,480,610
1533769372.935,195,561,550,561,660,620,588,670,507,401,497,613
1533769372.962,200,550,564,575,680,616,584,684,520,409,485,650
1533769372.991,251,570,556,573,672,620,582,665,515,407,509,677
1533769373.027,287,575,568,582,653,610,569,666,514,406,485,652
1533769373.041,318,567,559,580,663,611,585,659,515,415,492,662
1533769373.058,307,577,563,584,667,621,592,677,516,411,498,672
1533769373.07,302,578,570,585,674,616,587,672,514,426,508,670
1533769373.087,305,587,577,576,659,604,575,661,503,406,491,676
1533769373.111,314,578,570,591,662,607,593,676,523,418,494,685
1533769373.123,312,567,553,568,654,593,576,653,495,409,488,650
1533769373.133,304,574,560,584,658,612,580,654,502,413,507,657
1533769373.15,320,568,579,578,661,597,589,671,510,411,481,674
1533769373.166,307,583,566,581,661,618,574,663,522,419,498,678
1533769373.182,299,581,574,566,644,604,575,661,517,397,499,655
1533769373.189,309,594,565,576,672,614,606,688,515,413,501,683
1533769373.209,318,588,565,573,666,608,585,662,521,425,506,683
1533769373.237,323,602,573,606,662,631,599,679,532,427,517,693
1533769373.247,312,585,584,595,657,617,591,685,512,427,495,682
1533769373.256,311,578,573,591,671,610,587,678,520,418,497,673
1533769373.276,311,596,561,578,665,622,587,684,526,421,500,676
1533769373.299,333,575,576,585,668,622,593,678,523,426,520,687
1533769373.314,312,579,571,580,660,614,582,668,527,416,498,671
1533769373.322,313,586,588,578,667,612,586,669,522,408,490,666
1533769373.332,304,589,573,584,667,627,580,669,508,411,504,672
1533769373.342,320,587,570,594,677,622,587,670,526,418,491,679
1533769373.357,331,594,578,595,678,614,588,674,521,419,495,677
1533769373.369,314,584,576,581,674,616,590,676,518,427,511,682
1533769373.389,319,580,575,590,661,618,589,666,525,414,502,678
1533769373.4,333,584,583,585,680,625,599,676,526,415,505,676
1533769373.415,317,593,580,578,665,607,590,670,520,423,508,676
1533769373.436,308,584,574,572,650,613,599,661,514,420,482,678
1533769373.45,333,600,587,598,678,623,591,674,521,425,515,680
1533769373.468,316,562,566,587,664,618,583,663,519,425,490,672
1533769373.482,317,581,564,585,644,610,578,664,517,400,499,676
1533769373.504,314,578,567,579,674,625,584,667,509,412,497,679
1533769373.515,315,570,568,583,669,617,588,676,521,413,498,683
1533769373.531,320,572,573,591,683,631,587,678,523,418,500,682
1533769373.55,313,571,567,581,655,594,580,668,525,413,495,669
1533769373.583,316,580,557,575,664,609,592,666,519,405,495,675
1533769373.597,313,583,563,574,646,606,577,663,516,414,484,660
1533769373.612,321,567,568,592,660,611,579,665,524,404,489,665
1533769373.622,314,572,561,572,662,622,587,667,520,412,494,664
1533769373.648,326,575,573,585,668,619,602,667,526,412,500,685
1533769373.655,315,564,584,580,666,620,591,665,524,410,489,674
1533769373.664,322,583,579,584,658,630,577,666,522,417,504,681
1533769373.672,300,585,587,592,675,629,579,671,516,413,506,686
1533769373.688,310,565,576,581,661,597,577,677,525,408,490,669
1533769373.705,320,583,588,565,655,612,595,665,507,399,501,666
1533769373.722,313,587,576,565,667,612,574,657,510,419,504,677
1533769373.732,327,575,583,579,665,610,578,667,511,420,499,676
1533769373.755,312,579,569,574,657,608,591,667,506,424,492,665
1533769373.765,307,577,554,575,640,603,586,657,499,408,481,666
1533769373.794,304,574,576,590,655,612,574,663,519,414,481,672
1533769373.807,321,591,584,573,672,614,585,668,507,413,492,674
1533769373.828,310,577,569,580,676,627,598,680,531,431,502,672
1533769373.846,307,574,567,572,661,609,580,660,507,410,484,671
1533769373.868,313,574,572,587,649,615,586,672,519,408,493,666
1533769373.883,326,574,557,581,667,609,580,660,510,416,478,677
1533769373.911,303,585,574,592,672,614,579,680,521,422,504,680
1533769373.928,326,590,589,588,668,622,584,676,518,415,497,679
1533769373.948,317,566,571,569,668,607,578,669,514,426,491,673
1533769373.958,309,573,562,586,648,605,576,662,512,412,480,653
1533769373.975,322,580,579,593,673,618,595,672,519,420,507,675
1533769373.986,315,588,556,580,660,617,582,671,510,419,506,674
1533769373.996,321,585,565,579,660,608,585,665,515,407,498,674
1533769374.028,311,575,583,572,662,619,587,675,508,412,494,667
1533769374.065,318,582,574,589,672,626,585,679,530,410,495,668
1533769374.078,312,564,571,586,663,614,582,668,530,421,492,682
1533769374.089,309,579,575,583,663,611,582,670,524,407,497,677
1533769374.107,311,578,568,570,671,616,584,666,514,403,470,669
1533769374.128,314,575,577,591,662,622,593,678,520,412,494,679
1533769374.145,320,590,570,582,662,607,590,675,523,421,502,667
1533769374.153,319,580,566,584,673,609,571,663,522,416,501,669
1533769374.169,312,564,572,573,663,599,570,659,515,410,495,674
1533769374.178,316,574,573,587,664,630,604,683,519,422,496,678
1533769374.188,315,588,581,586,672,620,597,659,515,404,506,677
1533769374.213,306,576,556,574,669,611,594,662,512,415,492,676
1533769374.245,309,579,578,574,666,611,570,673,521,401,497,668
1533769374.265,324,579,565,592,654,620,588,671,521,422,498,688
1533769374.279,314,581,561,582,668,613,587,678,511,420,496,670
1533769374.299,323,568,576,581,658,615,583,663,505,414,493,663
1533769374.312,309,579,581,595,651,608,585,665,524,413,497,685
1533769374.329,307,583,579,587,667,615,562,654,522,416,495,669
1533769374.345,328,579,575,580,660,608,579,662,512,424,503,677
1533769374.375,302,575,561,573,653,619,575,664,505,397,488,670
1533769374.385,319,586,579,581,661,627,598,669,513,414,499,681
1533769374.399,305,575,567,576,656,631,581,658,517,409,488,673
1533769374.418,308,572,589,588,674,616,581,670,511,418,502,673
1533769374.432,311,572,561,569,662,610,575,675,514,415,499,678
1533769374.461,326,583,576,575,664,618,586,668,507,391,484,675
1533769374.477,330,581,571,585,653,613,575,664,508,406,494,670
1533769374.525,323,577,576,581,667,606,583,657,522,414,484,672
1533769374.535,323,584,589,588,674,619,593,675,517,412,494,670
1533769374.543,318,564,572,586,663,614,585,665,524,416,495,665
1533769374.574,324,585,593,589,675,629,588,674,524,422,495,671
1533769374.595,318,582,575,586,660,620,579,668,515,421,498,665
1533769374.61,303,561,553,577,654,602,570,670,515,398,500,668
1533769374.624,322,580,554,587,676,621,586,677,522,420,487,675
1533769374.635,320,581,580,575,674,622,593,678,523,415,494,673
1533769374.653,321,582,587,580,663,617,579,670,521,404,489,677
1533769374.66,315,579,571,583,663,620,594,665,521,421,492,677
1533769374.679,326,581,567,591,668,622,590,670,520,418,503,673
1533769374.702,312,579,571,583,672,620,594,671,524,419,492,662
1533769374.711,316,583,563,593,667,618,595,660,516,411,501,675
1533769374.727,318,576,571,592,672,611,579,665,527,430,503,671
1533769374.744,306,573,566,577,660,605,561,656,506,404,491,668
1533769374.763,210,551,562,589,675,626,588,677,524,422,509,691
1533769374.777,188,557,552,566,665,613,578,664,517,409,476,621
1533769374.793,197,559,564,575,665,625,596,673,517,409,494,638
1533769374.812,195,557,553,570,669,617,573,670,518,404,480,613
1533769374.826,192,564,550,577,666,623,579,673,506,395,475,619
1533769374.845,186,560,559,580,663,623,597,671,521,396,481,607
1533769374.859,191,550,546,570,659,610,590,663,500,406,476,620
1533769374.866,182,547,552,573,659,616,584,669,517,394,474,609
1533769374.884,196,555,560,596,679,618,598,674,531,422,484,603
1533769374.895,194,550,546,576,656,625,584,669,500,397,482,615
1533769374.918,199,561,566,577,664,624,583,680,508,408,496,617
1533769374.943,199,543,576,587,664,609,601,680,522,402,484,620
1533769374.959,204,560,561,579,665,622,593,658,520,423,485,621
1533769374.976,197,563,546,579,668,619,584,664,505,400,479,600
1533769375.004,187,552,548,571,664,615,574,680,516,391,478,605
1533769375.021,202,543,554,578,661,621,595,660,516,417,479,614
1533769375.043,180,536,556,571,654,617,591,673,512,407,480,613
1533769375.059,192,542,559,570,672,623,600,674,518,410,481,613
1533769375.087,190,549,542,562,661,606,589,671,499,399,481,599
1533769375.1,180,530,569,580,654,614,579,664,515,412,483,616
1533769375.124,177,558,553,583,648,617,579,665,504,395,477,613
1533769375.133,209,552,557,581,673,618,589,668,502,414,493,608
1533769375.141,184,559,548,581,658,627,592,665,516,405,492,605
1533769375.152,189,555,550,577,660,620,582,664,509,407,477,610
1533769375.179,187,558,557,577,661,621,580,672,519,420,490,620
1533769375.2,170,541,546,585,659,601,578,649,505,400,482,615
1533769375.214,184,565,554,578,670,615,577,666,505,408,487,611
1533769375.234,193,559,548,581,670,612,577,668,519,402,493,617
1533769375.254,193,562,579,596,664,621,589,671,525,422,481,637
1533769375.266,191,566,546,582,656,613,590,664,517,414,471,623
1533769375.292,208,551,559,580,660,608,579,682,504,404,478,607
1533769375.32,202,561,569,574,667,624,592,677,516,414,487,629
1533769375.357,185,566,561,588,662,616,587,678,514,423,499,644
1533769375.393,179,554,552,573,653,610,581,655,511,403,482,632
1533769375.407,188,550,564,573,647,622,581,661,511,414,482,661
1533769375.414,197,569,573,588,662,616,587,667,523,426,488,667
1533769375.429,194,557,555,585,650,622,572,675,520,417,499,661
1533769375.448,183,567,559,577,666,611,591,664,506,418,489,673
1533769375.465,188,578,558,585,662,619,584,663,517,420,485,675
1533769375.485,194,587,589,579,674,616,581,669,514,406,493,687
1533769375.507,213,613,555,576,665,598,566,666,502,414,490,669
1533769375.516,206,633,570,581,664,615,574,665,501,404,492,671
1533769375.548,210,631,583,594,659,616,590,658,520,426,474,673
1533769375.584,211,647,578,592,663,611,588,665,518,404,489,665
1533769375.614,224,642,582,584,661,615,580,668,519,416,487,674
1533769375.623,232,644,593,586,672,608,597,667,515,418,492,668
1533769375.631,213,646,571,576,659,619,581,666,517,412,482,675
1533769375.644,230,648,576,584,670,624,595,666,519,428,499,681
1533769375.663,227,648,591,581,667,615,592,677,513,414,501,672
1533769375.697,202,638,563,577,663,605,576,667,515,404,486,668
1533769375.731,208,635,587,592,666,629,582,665,518,407,500,665
1533769375.766,192,637,580,573,656,610,572,652,502,408,487,664
1533769375.797,210,646,595,579,665,616,569,669,529,409,488,664
1533769375.83,222,646,580,579,662,628,581,672,517,409,502,673
1533769375.865,219,646,577,591,671,616,581,655,520,412,491,667
1533769375.879,213,634,589,582,668,616,569,661,514,406,490,667
1533769375.89,203,645,579,571,652,600,571,668,522,402,490,660
1533769375.906,201,647,590,589,663,617,591,671,507,419,503,680
1533769375.913,233,657,582,587,661,621,586,669,511,417,499,689
1533769375.929,221,620,591,596,670,615,586,674,516,420,499,675
1533769375.94,213,631,574,595,662,616,578,666,508,409,499,658
1533769375.955,199,624,579,575,658,606,571,660,510,422,495,654
1533769375.972,215,636,576,596,667,618,571,671,516,405,493,672
1533769375.988,219,656,580,573,677,619,581,672,514,412,476,661
1533769376.01,222,649,592,588,677,625,584,678,520,423,508,670
1533769376.022,215,654,597,596,673,627,580,675,531,423,502,678
1533769376.042,212,642,569,584,670,618,583,669,525,414,496,666
1533769376.054,217,644,571,592,666,617,582,668,521,421,500,671
1533769376.062,197,639,560,587,655,618,577,657,507,405,487,671
1533769376.076,208,616,581,599,669,611,579,659,509,421,491,668
1533769376.088,216,640,589,585,662,622,575,667,517,420,488,684
1533769376.096,201,646,580,588,674,607,575,669,523,406,493,690
1533769376.113,207,637,574,591,674,613,578,658,520,414,488,670
1533769376.145,214,647,599,580,669,611,585,659,512,421,509,674
1533769376.18,217,650,599,589,672,623,582,676,527,416,509,691
1533769376.187,204,631,583,588,659,604,587,666,511,409,493,681
1533769376.216,210,643,586,579,671,625,578,667,514,412,491,679
1533769376.245,210,640,580,601,659,616,578,664,520,412,482,670
1533769376.279,214,644,596,592,672,611,591,665,521,404,486,668
1533769376.312,214,657,581,586,657,605,594,673,518,407,497,665
1533769376.344,213,637,574,597,671,622,578,667,523,403,502,676
1533769376.371,219,637,577,591,656,625,572,666,511,417,488,675
1533769376.395,221,651,579,584,664,615,565,666,516,411,493,672
1533769376.412,207,643,583,573,659,595,572,658,511,406,490,664
1533769376.444,214,644,590,580,663,614,579,665,527,418,483,671
1533769376.477,204,629,587,589,666,620,585,679,518,424,506,677
1533769376.513,220,647,593,601,681,614,588,688,521,422,501,677
1533769376.532,202,629,584,583,660,596,582,662,506,412,489,671
1533769376.546,212,642,576,584,649,609,586,654,504,405,481,663
1533769376.56,220,650,587,595,666,617,591,674,515,413,486,677
1533769376.569,200,649,583,579,671,604,593,661,517,409,488,670
1533769376.584,219,646,592,582,668,619,593,681,526,421,494,676
1533769376.594,201,643,574,585,656,613,584,675,514,400,488,670
1533769376.609,215,648,576,590,676,606,565,666,519,408,493,669
1533769376.625,215,642,576,593,667,624,577,669,522,405,496,669
1533769376.637,220,650,587,589,678,629,594,676,527,419,495,665
1533769376.653,210,631,589,579,674,616,590,664,526,417,488,673
1533769376.665,212,630,573,575,649,615,568,651,504,408,484,657
1533769376.677,212,642,573,600,658,621,586,668,510,411,498,680
1533769376.686,217,647,593,586,660,608,585,679,515,419,495,671
1533769376.704,195,647,566,574,657,614,582,656,503,407,489,668
1533769376.721,202,641,587,602,684,617,588,682,518,410,497,679
1533769376.736,212,636,579,581,673,609,589,672,513,422,499,678
1533769376.773,241,668,583,591,681,629,606,677,522,436,521,695
1533769376.785,215,639,582,581,667,615,574,668,516,413,487,677
1533769376.8,202,626,575,577,654,608,576,662,506,421,486,665
1533769376.81,209,636,576,584,664,603,571,662,516,410,489,663
1533769376.818,202,636,579,581,658,603,580,657,513,414,490,683
1533769376.826,218,654,576,587,667,612,580,677,510,425,490,669
1533769376.837,212,639,585,587,670,612,598,668,522,405,495,680
1533769376.851,214,644,581,567,666,617,579,662,512,413,480,665
1533769376.859,210,649,586,597,659,637,584,667,506,403,502,678
1533769376.872,208,638,581,580,672,632,582,670,509,413,492,668
1533769376.885,205,623,563,577,651,602,561,661,515,404,488,659
1533769376.897,218,645,585,584,676,609,580,672,522,417,496,672
1533769376.909,220,644,581,589,654,611,588,671,515,419,500,677
1533769376.917,220,647,596,583,669,611,597,673,510,404,483,659
1533769376.938,218,645,569,587,658,624,586,677,513,411,498,672
1533769376.975,202,574,548,562,664,618,571,677,502,405,498,689
1533769376.993,191,553,552,579,650,616,569,675,520,403,491,624
1533769377.002,189,558,550,574,660,599,573,662,506,410,477,604
1533769377.018,203,553,564,566,662,607,596,667,517,409,482,601
1533769377.034,195,548,556,577,654,611,582,665,504,407,483,596
1533769377.049,186,564,575,586,654,623,597,676,527,413,475,613
1533769377.059,183,548,547,574,678,620,585,662,515,407,477,616
1533769377.068,187,543,564,569,667,624,577,671,501,410,481,588
1533769377.083,194,550,561,573,659,616,575,655,511,409,482,615
1533769377.092,191,547,564,579,653,619,590,678,503,406,488,606
1533769377.102,188,541,558,572,659,610,575,672,523,400,482,609
1533769377.123,186,548,550,571,663,614,570,673,515,412,469,595
1533769377.137,190,555,563,577,658,618,604,669,513,400,493,608
1533769377.151,191,553,552,572,662,613,590,675,511,397,477,615
1533769377.169,201,541,571,563,644,613,572,666,508,403,476,592
1533769377.207,194,544,552,573,653,613,572,672,517,409,485,606
1533769377.216,188,566,570,585,668,628,599,672,511,412,497,603
1533769377.235,188,553,555,591,662,625,599,670,517,418,502,615
1533769377.251,179,569,549,576,659,616,584,672,520,420,485,606
1533769377.259,193,552,566,577,664,624,592,666,519,408,487,614
1533769377.266,183,548,544,570,648,620,588,670,518,401,480,607
1533769377.284,189,567,565,583,678,620,585,673,524,413,486,610
1533769377.292,199,555,551,575,661,612,583,660,507,391,478,605
1533769377.302,205,548,556,574,660,620,588,659,524,404,491,613
1533769377.317,206,552,560,559,661,609,589,668,510,411,476,608
1533769377.334,198,545,553,583,675,608,588,676,509,416,489,607
1533769377.35,187,546,554,572,661,606,580,671,519,402,470,599
1533769377.357,198,557,558,576,662,616,575,675,511,411,473,594
1533769377.374,189,558,547,571,663,602,576,659,515,398,483,607
1533769377.386,190,549,564,575,661,618,583,660,507,396,481,602
1533769377.4,188,557,564,588,662,607,590,675,511,403,485,600
1533769377.419,184,555,554,590,670,627,583,671,516,405,490,617
1533769377.433,194,557,564,579,659,604,566,669,511,414,493,609
1533769377.442,195,548,556,580,660,608,579,670,509,393,477,604
1533769377.457,183,558,572,577,654,620,582,664,495,407,477,604
1533769377.467,195,548,565,586,675,614,603,677,530,407,489,599
1533769377.484,188,556,558,597,665,625,584,672,517,400,471,615
1533769377.524,192,551,559,589,669,608,588,682,527,410,492,616
1533769377.557,190,555,560,578,670,621,595,674,505,402,484,623
1533769377.591,190,558,569,568,664,627,574,677,508,399,487,602
1533769377.625,195,545,553,577,651,611,570,670,506,404,477,616
1533769377.64,186,542,559,577,657,593,567,664,498,409,471,604
1533769377.653,185,556,567,582,668,619,593,678,509,418,482,629
1533769377.665,199,552,545,590,658,612,583,680,519,391,490,614
1533769377.675,189,548,562,583,651,617,588,656,509,407,483,622
1533769377.691,213,556,580,591,662,619,581,687,520,412,480,615
1533769377.707,194,553,564,579,674,610,575,661,520,395,494,652
1533769377.717,204,567,568,576,663,617,582,665,521,413,486,668
1533769377.733,196,565,603,593,661,615,589,657,519,408,501,680
1533769377.74,213,584,614,594,665,619,587,675,526,420,494,673
1533769377.759,211,570,624,605,663,614,579,659,518,404,509,665
1533769377.767,205,576,637,598,675,614,582,662,515,396,489,679
1533769377.783,202,573,618,596,669,617,582,667,512,407,497,673
1533769377.799,214,582,636,611,675,629,603,665,521,421,512,685
1533769377.816,190,586,625,593,673,612,583,663,522,408,487,677
1533769377.832,183,579,621,592,669,623,579,667,512,415,500,674
1533769377.85,194,575,630,598,662,610,575,663,511,417,488,658
1533769377.865,207,575,639,610,674,619,587,670,526,420,502,673
1533769377.899,195,570,630,592,672,611,576,659,501,421,497,668
1533769377.918,192,567,627,608,666,614,594,679,518,413,506,674
1533769377.939,178,571,625,587,664,618,583,671,510,394,478,672
1533769377.946,185,569,617,582,668,610,578,657,496,403,479,678
1533769377.961,185,554,620,592,656,613,569,657,502,400,479,658
1533769377.974,201,578,642,591,671,616,581,666,508,414,496,673
1533769377.998,198,576,634,586,669,620,588,656,509,393,492,676
1533769378.013,204,569,633,604,683,610,587,661,500,406,496,670
1533769378.029,206,574,619,606,664,630,577,666,519,411,504,675
1533769378.046,201,581,645,591,671,625,587,664,508,397,491,673
1533769378.059,187,556,638,597,664,621,565,662,507,388,481,674
1533769378.071,206,574,634,603,676,609,574,674,513,408,496,675
1533769378.081,205,567,637,589,678,617,579,670,509,401,495,682
1533769378.093,201,560,620,585,668,616,578,672,505,406,490,664
1533769378.107,203,574,641,584,673,618,595,668,513,425,495,680
1533769378.121,203,580,638,593,688,618,580,677,507,408,487,677
1533769378.137,194,572,633,585,665,619,584,663,511,409,485,664
1533769378.148,191,569,633,591,665,604,578,658,508,403,496,670
1533769378.155,197,566,629,591,668,619,575,658,514,406,499,670
1533769378.17,205,567,631,586,672,614,573,662,509,398,489,671
1533769378.206,197,575,642,588,665,619,587,658,511,400,502,675
1533769378.213,203,562,619,584,655,612,577,660,507,408,495,674
1533769378.221,189,561,637,586,672,605,585,659,506,404,477,670
1533769378.23,190,562,622,587,658,603,577,654,498,410,475,668
1533769378.254,199,567,637,611,669,617,579,653,492,409,483,665
1533769378.267,215,583,641,599,667,627,589,657,516,414,493,678
1533769378.275,202,567,637,589,675,611,576,659,504,407,480,665
1533769378.293,195,576,640,602,663,629,588,668,509,398,489,671
1533769378.306,199,577,641,603,673,612,571,657,516,425,490,683
1533769378.335,200,559,641,590,673,615,577,665,510,399,489,671
1533769378.372,188,569,629,594,665,613,593,664,517,406,491,664
1533769378.404,199,580,628,590,673,627,592,666,502,408,495,672
1533769378.435,211,582,633,586,669,614,579,662,518,410,497,688
1533769378.471,198,566,642,579,671,619,575,658,514,411,488,672
1533769378.479,186,582,621,608,678,620,573,665,512,416,498,685
1533769378.504,198,572,633,598,677,613,575,652,485,411,485,664
1533769378.521,213,575,654,604,668,625,575,669,529,420,494,678
1533769378.538,199,567,631,592,678,614,570,673,495,407,489,676
1533769378.554,205,570,627,595,669,623,576,659,501,407,492,676
1533769378.568,204,567,627,592,663,623,582,656,512,416,506,688
1533769378.597,203,562,628,600,679,630,580,660,507,396,498,663
1533769378.613,204,581,639,601,683,616,593,667,511,406,491,681
1533769378.645,192,570,634,589,648,614,573,653,509,398,491,670
1533769378.653,202,564,637,589,672,611,579,664,512,410,480,665
1533769378.663,195,573,637,599,672,626,567,665,504,410,489,671
1533769378.688,205,576,643,589,672,617,582,668,515,416,489,671
1533769378.701,190,571,628,593,655,615,583,663,507,402,492,672
1533769378.718,199,568,631,590,664,612,580,669,502,411,496,672
1533769378.73,184,571,641,600,667,618,571,660,502,408,487,680
1533769378.745,201,557,640,602,678,632,588,668,521,416,506,679
1533769378.763,194,578,632,601,665,613,578,649,511,420,499,661
1533769378.774,201,578,636,613,671,619,587,664,511,409,496,684
1533769378.788,184,574,634,596,670,624,580,660,522,419,504,669
1533769378.803,202,562,628,596,664,612,577,666,508,411,498,675
1533769378.811,207,575,642,604,665,628,584,675,511,403,494,690
1533769378.829,199,574,647,593,667,624,589,677,510,399,481,675
1533769378.837,203,581,654,594,674,622,584,646,506,420,485,693
1533769378.852,195,588,640,595,669,614,573,665,512,410,497,671
1533769378.862,191,563,626,588,656,613,566,658,497,406,490,667
1533769378.879,194,563,651,597,668,619,590,652,520,423,494,684
1533769378.898,204,575,639,591,665,628,572,666,508,412,491,667
1533769378.919,196,580,638,600,667,621,571,668,513,416,484,669
1533769378.934,198,570,643,608,693,620,588,671,515,407,492,671
1533769378.945,213,566,626,607,680,613,584,666,503,417,488,675
1533769378.969,200,575,632,585,677,610,575,661,511,395,491,673
1533769378.977,195,576,639,611,675,626,591,665,518,416,503,683
1533769378.986,198,575,633,595,674,619,569,663,505,403,479,664
1533769379.007,224,586,635,590,673,627,589,677,522,422,493,675
1533769379.019,218,589,650,596,682,630,583,683,522,420,502,692
1533769379.036,195,570,643,602,672,620,582,656,504,407,497,679
1533769379.044,192,579,621,596,666,626,576,659,512,407,497,676
1533769379.061,194,575,645,610,680,625,599,661,517,418,497,676
1533769379.087,195,576,627,596,669,605,585,656,506,421,477,676
1533769379.097,206,586,644,609,676,615,586,657,507,416,490,680
1533769379.122,203,584,639,607,680,631,587,670,517,426,494,673
1533769379.145,182,569,642,600,677,628,575,661,509,409,499,667
1533769379.167,205,567,634,602,669,620,576,673,498,398,489,668
1533769379.176,190,568,641,597,667,618,574,657,510,399,492,669
1533769379.203,215,574,625,590,670,612,580,663,516,411,493,663
1533769379.218,184,574,635,600,679,612,574,657,499,408,498,677
1533769379.235,187,574,635,587,658,615,586,642,501,402,495,660
1533769379.251,193,580,641,596,673,621,574,654,516,419,493,677
1533769379.265,194,562,632,603,658,630,571,648,501,402,481,657
1533769379.278,205,579,643,589,669,617,576,656,515,413,497,674
1533769379.302,201,569,645,604,662,622,581,655,517,403,485,667
1533769379.337,196,574,635,606,664,621,592,666,522,416,484,657
1533769379.348,212,568,637,606,679,624,589,669,513,425,487,681
1533769379.36,207,569,645,594,674,604,590,669,511,409,494,684
1533769379.388,209,574,641,603,667,609,577,651,507,411,484,654
1533769379.417,204,566,623,585,668,610,581,666,508,406,479,664
1533769379.443,215,565,619,590,685,627,592,672,502,408,493,678
1533769379.46,216,550,567,582,671,631,599,673,517,409,491,696
1533769379.467,197,563,558,582,653,613,572,661,511,403,491,670
1533769379.476,204,545,547,576,663,611,582,662,507,399,483,610
1533769379.489,185,553,558,566,659,613,590,666,508,397,471,589
1533769379.521,189,557,541,567,663,605,597,665,512,416,486,619
1533769379.56,185,547,552,582,659,607,596,664,497,400,477,615
1533769379.62,195,533,569,571,660,605,582,664,506,398,480,619
1533769379.683,194,550,552,579,668,616,578,669,506,417,488,603
1533769379.69,180,545,556,574,642,596,597,665,501,410,483,613
1533769379.698,183,545,550,567,648,605,579,659,506,404,483,598
1533769379.708,208,542,562,570,651,608,582,665,507,410,472,613
1533769379.715,195,548,544,576,663,629,600,671,507,396,486,607
1533769379.725,195,536,559,573,669,620,585,665,501,407,478,604
1533769379.747,196,552,554,571,658,606,574,672,522,402,473,620
1533769379.766,197,556,558,576,665,625,584,678,506,400,474,603
1533769379.78,195,551,559,573,654,617,582,668,509,410,483,613
1533769379.798,186,557,562,577,672,614,570,673,504,413,486,616
1533769379.815,190,543,560,559,649,615,568,651,502,402,484,602
1533769379.849,190,549,563,575,649,600,577,671,507,408,470,594
1533769379.882,198,564,553,583,666,617,582,671,518,419,481,613
1533769379.889,202,546,576,578,667,618,583,660,516,408,481,614
1533769379.902,187,553,564,572,646,618,577,668,501,402,475,608
1533769379.916,193,549,557,568,655,603,586,666,519,399,478,611
1533769379.925,209,555,572,599,673,621,592,669,516,414,493,620
1533769379.943,192,557,562,595,657,614,591,671,521,413,478,610
1533769379.969,198,533,556,577,654,617,585,676,512,390,489,601
1533769379.982,185,547,552,566,656,619,596,681,523,409,482,595
1533769379.998,184,555,557,578,664,630,571,674,505,399,487,614
1533769380.016,195,567,572,570,666,614,579,670,507,398,483,622
1533769380.036,203,553,561,575,659,610,572,672,503,400,480,612
1533769380.052,191,553,571,594,674,610,578,661,517,417,488,658
1533769380.098,196,571,588,634,679,624,595,672,508,411,493,675
1533769380.131,203,586,579,653,670,633,598,666,516,402,501,680
1533769380.164,197,575,592,635,698,640,584,676,517,412,503,667
1533769380.23,186,570,596,646,684,620,600,670,512,418,486,674
1533769380.246,196,568,582,650,682,627,580,674,513,408,490,675
1533769380.264,195,558,590,643,675,617,585,659,512,410,483,665
1533769380.297,189,570,584,633,660,623,585,662,510,410,486,674
1533769380.327,202,564,575,643,672,620,594,661,509,398,486,670
1533769380.387,189,558,563,640,672,617,582,656,497,406,471,653
1533769380.404,191,557,571,635,689,613,584,664,508,412,493,675
1533769380.417,195,548,578,643,675,614,576,670,518,398,503,668
1533769380.43,186,567,578,646,681,620,567,650,518,404,500,667
1533769380.462,198,558,584,646,672,626,570,665,512,410,494,668
1533769380.471,197,569,580,632,677,619,575,669,500,409,494,667
1533769380.488,197,566,583,635,680,625,575,672,514,409,493,667
1533769380.496,200,562,585,647,676,615,583,657,510,408,498,669
1533769380.515,183,564,572,630,675,617,570,665,509,401,497,671
1533769380.53,185,557,589,620,686,619,578,658,505,400,487,661
1533769380.54,205,570,578,633,672,614,576,667,506,404,489,676
1533769380.563,195,564,587,633,675,617,579,665,512,410,500,665
1533769380.58,199,568,582,637,676,612,562,657,502,405,498,669
1533769380.596,204,560,577,641,683,625,584,664,506,403,496,676
1533769380.629,201,560,602,629,674,619,596,658,502,409,482,678
1533769380.664,201,564,590,642,681,614,576,662,507,404,469,674
1533769380.695,202,561,603,630,684,620,582,670,521,395,494,668
1533769380.729,201,557,580,635,668,622,575,669,517,406,488,664
1533769380.737,186,554,584,636,675,620,570,662,495,407,492,668
1533769380.762,192,561,569,636,681,611,582,656,501,398,497,662
1533769380.795,209,568,570,631,679,633,580,663,499,416,495,683
1533769380.828,193,571,585,649,694,639,580,666,514,417,502,684
1533769380.861,193,571,576,622,685,618,589,671,504,399,490,683
1533769380.87,185,554,574,635,668,625,566,658,505,403,482,664
1533769380.879,191,566,580,642,689,613,584,664,505,412,499,670
1533769380.89,196,549,579,631,676,630,571,668,510,399,490,666
1533769380.911,195,558,581,630,669,608,579,656,509,401,480,673
1533769380.927,186,558,578,643,675,626,585,661,500,389,488,673
1533769380.938,211,563,590,642,684,644,573,662,510,416,501,683
1533769380.96,193,559,582,647,676,621,568,654,510,410,487,677
1533769380.996,199,565,588,643,670,636,586,660,513,417,493,672
1533769381.024,201,560,568,623,674,622,569,646,508,403,484,655
1533769381.036,188,557,583,648,671,628,581,666,514,403,491,664
1533769381.043,201,579,587,652,681,635,579,662,521,419,492,674
1533769381.056,189,554,575,627,666,611,576,659,512,398,503,659
1533769381.071,200,563,574,638,686,622,578,664,514,415,497,673
1533769381.094,192,567,596,642,678,620,582,673,509,413,495,671
1533769381.104,202,567,575,639,669,605,570,656,518,407,492,668
1533769381.125,196,576,590,633,678,626,579,673,506,395,474,668
1533769381.138,196,552,578,624,672,629,570,664,515,395,491,670
1533769381.158,189,558,578,643,678,620,582,662,506,407,489,668
1533769381.169,202,570,581,643,684,623,570,665,512,415,489,674
1533769381.177,201,576,581,639,684,629,567,659,512,401,497,665
1533769381.19,215,571,585,646,691,627,583,683,516,411,501,678
1533769381.203,219,578,589,647,689,634,593,681,520,426,497,679
1533769381.211,192,558,584,643,672,614,567,662,518,410,492,662
1533769381.222,198,576,593,639,684,632,591,679,501,418,492,674
1533769381.236,195,567,584,646,681,617,579,670,518,415,494,662
1533769381.243,203,559,585,644,670,615,562,660,510,405,498,672
1533769381.257,199,561,563,627,675,620,573,664,509,409,466,670
1533769381.293,197,578,580,648,689,619,581,669,514,397,494,673
1533769381.327,204,560,586,632,668,622,584,672,511,400,482,664
1533769381.355,191,572,577,635,689,622,581,664,511,395,499,670
1533769381.393,193,580,585,640,691,621,595,663,511,414,493,669
1533769381.426,201,581,586,638,680,634,575,658,508,412,493,673
1533769381.46,202,567,569,655,672,608,570,662,503,395,497,656
1533769381.492,207,544,574,626,668,613,560,649,494,403,482,652
1533769381.524,188,572,570,651,671,628,587,678,509,409,505,664
1533769381.559,196,565,582,641,679,633,562,663,525,413,487,666
1533769381.567,194,572,580,645,692,628,575,675,520,415,499,664
1533769381.575,203,562,598,641,667,630,580,662,504,402,487,660
1533769381.59,205,574,585,643,688,621,592,666,511,411,499,675
1533769381.603,205,573,584,636,681,620,585,676,512,404,492,671
1533769381.626,198,570,587,642,681,626,588,673,518,416,500,671
1533769381.636,183,570,578,643,681,614,570,656,515,392,489,668
1533769381.656,205,551,596,649,672,626,582,668,504,410,489,662
1533769381.667,199,568,588,650,673,615,586,668,502,408,504,663
1533769381.693,185,557,574,635,671,625,575,658,517,403,479,681
1533769381.725,192,564,581,633,675,617,585,659,504,407,497,665
1533769381.758,203,549,579,650,667,612,583,671,501,405,484,663
1533769381.792,198,560,571,639,680,619,575,652,502,403,493,658
1533769381.825,203,559,585,647,682,636,583,668,505,414,495,672
1533769381.858,221,577,594,643,688,639,583,680,519,417,493,675
1533769381.891,211,585,596,652,693,632,585,665,527,418,495,671
1533769381.924,196,558,572,593,679,618,595,674,516,420,496,672
1533769381.958,195,561,569,577,660,608,579,659,515,415,489,598
1533769381.991,202,562,569,571,667,621,601,674,519,405,484,605
1533769382.024,200,556,555,576,650,616,584,664,508,403,479,606
1533769382.057,199,546,548,578,658,615,586,671,513,408,481,608
1533769382.123,187,552,573,571,664,603,586,657,513,397,490,602
1533769382.189,200,547,564,588,668,622,584,681,517,412,480,612
1533769382.198,198,554,547,567,678,614,597,653,515,404,477,613
1533769382.224,188,559,555,572,659,607,587,667,514,403,483,609
1533769382.255,193,552,566,577,655,627,595,672,511,411,488,614
1533769382.29,199,565,557,574,658,624,589,671,508,414,481,614
1533769382.298,198,545,565,570,663,617,564,673,518,415,480,613
1533769382.307,191,556,549,588,668,613,581,667,511,397,485,612
1533769382.318,178,543,563,562,655,618,583,663,513,385,475,608
1533769382.334,188,547,562,579,665,610,584,669,505,386,473,597
1533769382.353,193,540,551,571,658,612,577,669,519,402,479,608
1533769382.366,204,541,567,576,665,613,593,664,506,403,485,609
1533769382.39,190,562,560,568,664,621,580,663,516,408,490,614
1533769382.406,181,546,532,565,658,621,583,674,516,399,478,611
1533769382.43,185,557,549,563,662,610,575,669,508,400,485,615
1533769382.439,189,548,556,580,669,614,582,668,518,401,483,607
1533769382.448,186,545,565,577,651,614,582,676,504,401,477,607
1533769382.471,190,546,560,565,649,612,580,660,513,413,470,599
1533769382.499,190,549,557,578,655,630,589,668,513,394,490,611
1533769382.513,193,552,563,581,664,630,580,672,516,420,484,617
1533769382.523,191,553,555,569,659,628,584,664,500,394,485,612
1533769382.531,192,545,556,576,669,620,597,662,518,399,481,610
1533769382.539,180,551,562,567,669,611,591,665,518,410,478,616
1533769382.563,194,560,568,566,650,616,572,672,502,383,485,597
1533769382.571,182,556,567,579,668,622,581,675,517,403,488,612
1533769382.602,206,558,557,596,718,627,580,666,516,414,490,646
1533769382.638,190,562,579,590,730,633,589,660,516,399,490,666
1533769382.646,195,558,556,592,723,650,573,662,501,404,489,665
1533769382.654,205,564,572,599,723,641,579,662,512,412,491,653
1533769382.669,190,555,551,590,741,630,577,660,519,405,496,657
1533769382.681,187,565,576,587,744,639,598,680,511,417,510,675
1533769382.703,190,549,576,600,741,630,577,665,510,416,501,674
1533769382.715,209,565,585,612,742,648,592,683,519,414,501,675
1533769382.739,192,554,584,592,740,632,579,656,518,396,489,659
1533769382.747,189,561,581,589,729,644,585,667,512,404,489,674
1533769382.754,195,567,575,605,732,647,591,665,521,399,503,671
1533769382.769,178,558,563,602,733,648,574,663,516,408,501,675
1533769382.804,212,558,585,602,739,654,586,675,514,411,504,675
1533769382.839,192,551,575,602,726,635,585,662,515,410,497,674
1533769382.872,184,559,560,600,730,633,562,660,513,405,492,672
1533769382.904,193,562,566,593,724,645,589,671,513,411,496,675
1533769382.938,196,568,566,593,727,639,571,657,519,411,481,660
1533769382.954,189,545,550,586,729,632,576,653,498,392,491,665
1533769382.971,189,549,566,586,726,629,579,656,509,401,485,667
1533769382.987,207,569,571,585,728,637,575,664,505,417,488,667
1533769383.005,189,554,572,586,740,626,582,662,512,410,497,665
1533769383.021,187,571,570,600,738,630,580,654,493,399,490,660
1533769383.039,192,567,572,592,738,638,597,656,524,407,495,662
1533769383.056,198,554,568,598,719,637,587,652,502,391,485,667
1533769383.073,202,558,559,595,735,629,573,659,506,393,486,668
1533769383.092,201,551,553,595,740,650,579,653,515,413,492,674
1533769383.104,200,546,570,593,730,630,571,651,499,413,473,657
1533769383.119,188,566,561,597,737,643,578,678,514,406,485,667
1533769383.135,190,555,579,593,730,636,586,668,522,411,493,672
1533769383.146,190,556,557,590,715,633,574,657,510,396,478,660
1533769383.153,186,564,575,592,737,641,585,659,501,398,494,676
1533769383.162,201,557,571,589,735,638,591,668,521,410,492,680
1533769383.18,186,551,562,586,732,632,570,659,501,407,480,656
1533769383.196,203,577,563,600,738,630,574,663,513,399,487,683
1533769383.213,199,549,570,593,727,636,577,666,513,414,493,675
1533769383.229,195,558,559,586,729,641,588,650,521,418,483,665
1533769383.248,194,550,568,588,725,631,572,658,503,409,485,673
1533769383.269,206,571,554,590,721,630,568,663,510,402,495,669
1533769383.285,189,567,587,601,738,641,597,662,510,401,492,674
1533769383.295,201,551,565,592,738,626,576,662,509,398,497,665
1533769383.316,204,563,584,598,729,650,579,668,521,419,489,674
1533769383.328,206,562,570,591,737,649,578,667,523,409,494,667
1533769383.345,202,555,579,593,730,639,568,669,534,408,487,669
1533769383.36,194,563,574,591,737,637,587,664,503,400,485,667
1533769383.369,195,564,578,589,738,647,582,671,521,407,492,680
1533769383.385,211,551,578,598,735,644,582,659,513,404,492,671
1533769383.4,182,556,552,591,731,640,575,661,514,403,494,676
1533769383.412,194,544,571,585,725,628,590,664,511,403,493,664
1533769383.435,192,558,575,589,732,635,576,662,509,393,489,676
1533769383.445,193,562,573,606,727,642,577,663,516,394,487,672
1533769383.462,196,568,569,609,739,639,586,666,513,411,498,686
1533769383.478,189,548,578,586,729,659,567,659,515,393,486,662
1533769383.493,191,569,570,597,731,637,590,658,512,421,497,658
1533769383.51,197,543,564,597,732,624,568,665,504,402,498,669
1533769383.519,187,562,554,590,733,630,580,660,519,405,498,666
1533769383.526,184,571,579,596,733,633,586,660,525,394,501,672
1533769383.546,197,563,567,594,737,640,566,658,514,406,505,673
1533769383.562,192,564,575,601,735,647,585,662,512,416,492,662
1533769383.583,190,555,560,600,738,627,580,671,507,394,478,669
1533769383.594,200,563,564,607,734,634,596,667,503,417,491,661
1533769383.611,187,556,564,590,732,630,580,660,501,402,492,663
1533769383.628,192,555,559,596,729,632,567,656,512,407,491,668
1533769383.644,191,553,568,598,734,646,572,658,511,406,479,681
1533769383.668,189,558,569,577,732,626,573,653,509,395,483,674
1533769383.678,195,567,581,599,740,638,585,662,518,407,494,671
1533769383.711,196,562,569,603,724,630,583,660,513,405,490,672
1533769383.726,190,549,579,590,724,636,574,648,510,399,495,654
1533769383.745,198,567,569,583,720,638,576,659,509,421,492,674
1533769383.762,200,572,589,601,734,640,602,675,514,406,494,673
1533769383.778,199,565,576,587,721,645,571,663,531,417,490,675
1533769383.795,183,561,572,599,732,629,579,667,521,398,494,676
1533769383.819,195,564,565,599,726,635,567,650,506,393,486,665
1533769383.835,194,563,574,601,736,637,587,661,514,409,482,672
1533769383.86,185,569,568,588,728,631,575,661,523,403,488,673
1533769383.868,188,563,574,582,739,634,581,652,506,420,488,664
1533769383.889,190,546,564,597,732,633,571,651,504,393,481,654
1533769383.918,190,559,582,584,721,651,586,654,516,402,489,671
1533769383.936,194,569,574,594,734,652,584,672,506,409,488,664
1533769383.96,197,581,573,609,728,652,584,681,512,412,503,679
1533769383.975,184,568,567,581,730,639,583,662,501,399,484,677
1533769384.008,197,550,574,588,734,643,578,652,517,420,494,670
1533769384.016,186,570,578,592,720,638,570,665,507,418,495,671
1533769384.026,194,563,561,585,731,637,569,661,505,391,490,661
1533769384.051,200,572,564,585,728,640,578,664,514,412,491,664
1533769384.06,209,558,579,599,739,651,583,671,519,405,507,672
1533769384.082,198,567,571,601,738,647,591,671,524,410,492,674
1533769384.117,189,542,553,583,717,638,573,662,518,415,486,668
1533769384.15,190,565,567,593,721,645,565,665,519,402,492,663
1533769384.191,200,552,560,590,741,639,577,648,516,402,484,657
1533769384.226,198,564,565,598,738,641,585,668,507,419,486,662
1533769384.266,198,560,568,592,738,647,591,665,518,413,492,665
1533769384.307,191,569,577,597,731,634,584,672,517,415,499,676
1533769384.341,206,555,573,596,741,633,580,668,507,408,484,666
1533769384.374,184,565,585,599,739,651,586,660,519,411,487,669
1533769384.407,203,559,573,581,730,636,580,666,516,405,490,666
1533769384.442,187,561,560,606,730,639,586,666,516,422,499,669
1533769384.457,190,565,560,596,721,636,583,674,502,405,484,672
1533769384.464,196,558,572,587,734,626,579,664,515,398,488,653
1533769384.481,179,554,568,601,728,634,578,678,517,406,490,644
1533769384.491,189,557,572,595,726,641,588,668,521,410,489,671
1533769384.515,190,562,573,596,733,636,571,669,522,411,493,680
1533769384.548,196,558,573,590,730,636,583,674,510,408,487,672
1533769384.565,191,563,567,597,734,637,572,672,523,415,491,664
1533769384.585,197,563,558,591,725,634,572,669,514,394,502,673
1533769384.599,203,552,557,593,727,639,580,668,516,405,493,675
1533769384.62,194,563,564,597,701,634,581,655,511,403,485,670
1533769384.646,192,551,556,583,678,629,588,667,509,413,494,659
1533769384.656,191,566,577,600,671,628,584,670,520,412,494,615
1533769384.677,186,548,559,580,678,605,585,671,510,413,492,613
1533769384.689,189,560,556,580,672,617,597,679,512,413,486,610
1533769384.697,189,548,547,583,672,623,585,668,518,416,489,607
1533769384.707,195,560,559,580,657,632,567,665,512,407,472,607
1533769384.731,201,551,556,561,660,617,582,673,512,416,489,616
1533769384.739,191,562,577,585,665,625,590,670,517,421,494,621
1533769384.747,191,553,571,569,662,619,590,664,526,406,471,612
1533769384.761,191,557,552,573,653,610,578,675,517,414,482,606
1533769384.774,193,565,548,559,649,615,577,657,507,388,478,611
1533769384.796,171,551,556,577,666,617,573,668,509,416,475,610
1533769384.807,190,549,566,571,658,618,586,671,513,402,496,620
1533769384.822,178,562,557,568,667,606,580,666,516,405,487,608
1533769384.836,186,551,553,564,660,605,579,662,509,404,478,610
1533769384.846,185,556,558,572,665,619,593,675,511,400,477,606
1533769384.855,190,555,566,565,664,609,595,671,510,399,481,605
1533769384.863,191,557,558,560,659,619,575,664,514,386,471,603
1533769384.877,193,549,554,575,664,618,580,657,516,394,467,605
1533769384.889,186,551,562,574,666,608,573,665,504,398,477,607
1533769384.896,195,542,565,567,657,614,582,673,524,390,483,596
1533769384.909,179,550,561,585,662,616,584,661,520,403,474,600
1533769384.921,189,551,556,576,666,611,597,674,516,410,484,608
1533769384.93,197,541,555,569,650,616,596,661,508,406,485,600
1533769384.939,191,550,558,576,668,619,584,672,517,409,485,615
1533769384.953,191,547,561,576,665,628,590,661,511,403,479,606
1533769384.963,191,553,558,572,665,631,584,664,511,406,482,612
1533769384.971,191,547,574,585,671,628,584,667,526,403,477,612
1533769384.99,184,555,545,568,652,615,598,674,519,402,493,597
1533769385.022,196,562,554,578,655,630,583,671,513,402,476,611
1533769385.05,178,555,566,584,646,615,589,657,513,414,487,605
1533769385.063,186,545,553,567,657,623,579,653,518,398,478,607
1533769385.072,187,549,566,571,667,627,589,660,525,408,479,623
1533769385.09,186,536,563,574,663,602,573,653,509,398,466,601
1533769385.108,189,554,559,570,666,626,567,667,518,407,480,610
1533769385.129,189,548,556,570,654,620,594,670,521,410,489,619
1533769385.138,202,561,566,568,664,618,568,666,519,405,482,623
1533769385.146,191,553,571,572,671,619,596,667,517,406,482,600
1533769385.155,177,545,559,564,663,611,576,659,515,410,483,604
1533769385.163,185,547,564,576,650,616,569,664,500,409,479,606
1533769385.175,199,565,563,577,664,624,589,666,519,408,499,611
1533769385.205,182,550,564,576,668,613,584,652,508,409,479,609
1533769385.221,189,564,562,580,660,617,579,673,515,404,483,604
1533769385.258,191,550,564,576,680,676,578,664,511,397,482,655
1533769385.272,189,564,571,576,684,680,582,665,524,424,503,677
1533769385.296,193,543,563,584,691,666,583,657,516,405,495,672
1533769385.306,195,564,568,601,687,686,582,668,515,399,492,671
1533769385.339,191,559,580,594,692,691,590,667,523,415,500,682
1533769385.372,188,553,552,579,686,679,572,655,520,400,485,670
1533769385.386,189,561,559,580,684,677,588,659,512,393,494,668
1533769385.399,202,570,569,583,684,677,582,670,509,401,492,671
1533769385.421,188,554,565,566,683,673,553,669,511,409,479,652
1533769385.437,186,557,568,589,681,680,567,670,515,413,495,677
1533769385.445,193,571,563,593,670,684,586,663,519,408,490,689
1533769385.463,188,560,580,588,692,685,584,661,508,411,488,675
1533769385.478,190,555,570,590,679,672,577,666,513,405,493,677
1533769385.488,205,542,569,592,687,686,579,667,509,413,489,674
1533769385.51,203,566,586,597,695,673,587,673,523,412,502,684
1533769385.521,179,557,558,582,677,682,575,666,523,403,488,664
1533769385.552,200,569,580,582,692,682,581,669,514,420,491,678
1533769385.561,195,567,559,592,690,677,573,670,521,401,480,671
1533769385.569,185,557,555,595,689,679,572,655,514,414,488,670
1533769385.595,190,562,570,584,667,669,577,659,510,396,495,666
1533769385.612,179,575,565,573,689,688,572,658,508,397,490,670
1533769385.634,200,566,589,588,686,685,584,664,520,423,502,679
1533769385.644,185,566,571,591,692,685,590,655,511,414,499,678
1533769385.653,189,567,562,571,678,671,561,659,518,410,486,662
1533769385.661,197,566,580,591,692,685,569,658,514,418,502,679
1533769385.68,186,548,559,580,678,677,582,665,518,407,486,674
1533769385.711,182,569,567,576,689,682,581,675,508,409,488,670
1533769385.747,181,553,564,569,679,684,577,671,507,388,484,669
1533769385.771,199,549,576,578,691,690,568,663,505,408,487,663
1533769385.785,187,568,572,590,691,681,595,669,513,397,501,675
1533769385.805,198,567,574,589,687,686,582,671,518,424,495,674
1533769385.828,171,558,565,580,684,686,573,653,504,390,480,671
1533769385.868,186,564,578,580,690,677,579,673,518,421,500,671
1533769385.876,191,557,571,582,686,676,590,663,517,391,485,655
1533769385.884,194,554,574,576,674,676,575,661,514,406,502,675
1533769385.904,190,555,563,587,688,681,595,669,522,422,487,675
1533769385.934,197,563,564,588,683,673,578,669,514,412,491,667
1533769385.943,190,558,560,587,679,687,595,672,516,411,493,678
1533769385.952,183,542,569,599,687,677,585,650,509,407,486,665
1533769385.98,211,564,568,605,678,677,582,653,512,410,478,668
1533769385.992,203,568,564,584,691,678,583,662,513,405,498,666
1533769386.009,183,551,559,602,681,686,564,659,512,395,491,665
1533769386.018,187,549,557,578,673,663,574,660,513,396,481,666
1533769386.026,207,576,584,579,681,680,588,674,527,410,495,683
1533769386.035,189,567,559,586,678,680,579,659,518,407,492,668
1533769386.05,199,552,557,584,682,666,568,671,508,391,479,663
1533769386.061,188,544,561,582,683,670,584,669,514,412,491,667
1533769386.072,199,555,576,584,694,672,598,663,522,408,493,675
1533769386.094,192,570,581,586,681,674,579,679,515,410,503,668
1533769386.103,195,560,574,592,690,677,585,668,515,407,498,671
1533769386.151,203,556,574,597,686,682,593,670,514,418,502,681
1533769386.167,181,552,566,562,691,684,580,669,522,408,507,681
1533769386.176,185,544,574,594,677,682,578,669,517,412,499,658
1533769386.196,195,554,569,586,693,671,576,670,512,407,494,665
1533769386.219,191,562,561,578,689,685,581,667,514,415,500,673
1533769386.234,185,544,568,582,683,670,569,666,520,400,493,658
1533769386.242,189,557,559,580,690,677,570,653,512,410,492,665
1533769386.252,192,545,568,592,690,686,588,665,507,404,500,682
1533769386.275,188,553,574,588,689,679,584,658,508,417,485,681
1533769386.293,186,567,587,592,687,686,594,665,515,416,486,679
1533769386.318,192,555,566,577,687,677,591,667,518,392,483,679
1533769386.352,183,545,569,577,681,668,597,665,509,398,489,665
1533769386.364,211,557,565,595,690,680,594,676,521,410,492,671
1533769386.376,188,557,568,576,677,667,578,658,514,394,490,669
1533769386.39,191,566,574,594,686,685,584,661,520,412,488,678
1533769386.414,203,546,564,587,679,678,580,660,516,402,484,654
1533769386.424,184,552,566,584,685,684,580,663,507,419,484,669
1533769386.455,192,536,569,592,678,680,591,659,512,401,480,665
1533769386.468,181,552,560,599,688,669,580,660,522,394,493,686
1533769386.492,197,553,567,594,680,688,590,664,511,403,494,670
1533769386.505,195,561,575,592,678,674,579,667,506,407,489,671
1533769386.518,192,557,565,608,690,677,582,671,513,416,489,674
1533769386.544,186,555,559,589,678,686,582,664,527,398,491,673
1533769386.567,185,550,558,579,683,685,581,667,508,417,502,678
1533769386.584,175,552,563,587,682,684,577,666,499,397,487,669
1533769386.592,182,563,568,591,683,676,584,661,511,400,496,667
1533769386.608,178,553,567,591,679,663,583,654,507,390,478,668
1533769386.637,195,564,569,592,690,671,576,665,512,395,483,676
1533769386.682,197,553,558,575,689,682,581,672,517,420,488,670
1533769386.723,196,577,560,593,700,678,583,663,522,414,496,681
1533769386.755,198,557,565,576,684,680,591,671,521,390,489,665
1533769386.791,201,557,568,579,686,670,584,666,511,400,491,658
1533769386.807,186,545,556,583,678,668,576,653,489,389,483,665
1533769386.83,209,561,569,593,685,675,589,674,519,417,507,678
1533769386.84,191,563,574,594,695,685,575,672,520,406,499,681
1533769386.848,200,550,567,600,686,688,578,664,514,406,497,681
1533769386.855,191,560,561,576,686,667,575,655,520,412,485,658
1533769386.872,186,545,587,580,690,674,576,670,512,418,503,674
1533769386.882,194,557,561,594,689,679,569,655,520,409,488,681
1533769386.9,188,557,571,591,689,664,581,655,520,394,491,667
1533769386.915,176,550,549,566,680,658,566,658,508,380,488,664
1533769386.923,191,553,561,585,677,670,578,661,497,400,491,678
1533769386.932,190,556,557,593,676,678,577,660,519,413,484,674
1533769386.951,188,554,562,570,674,676,584,652,511,394,493,672
1533769386.965,194,550,571,588,680,694,581,672,511,394,496,664
1533769386.985,194,550,561,585,698,670,584,661,514,406,491,675
1533769386.998,189,551,578,580,684,680,582,670,524,384,492,671
1533769387.01,209,549,569,581,688,669,607,677,519,411,493,678
1533769387.034,181,549,551,578,673,621,583,660,522,408,487,617
1533769387.081,170,541,540,563,647,610,581,652,500,394,473,600
1533769387.124,177,551,556,567,663,611,594,670,507,404,472,596
1533769387.152,190,549,545,574,661,618,580,660,511,408,484,617
1533769387.163,174,548,562,573,681,608,594,682,509,404,495,616
1533769387.173,190,546,539,575,670,612,586,657,516,405,487,596
1533769387.181,186,548,568,583,663,623,591,673,521,398,489,610
1533769387.203,184,546,560,565,643,627,580,663,516,405,481,599
1533769387.24,183,551,550,571,660,611,582,673,518,398,480,595
1533769387.25,197,556,549,563,659,619,584,667,511,412,477,606
1533769387.264,197,563,561,579,668,628,590,667,514,400,491,603
1533769387.278,176,553,558,576,656,616,587,661,514,397,479,606
1533769387.287,187,555,548,584,655,633,601,657,516,388,481,608
1533769387.297,185,553,561,569,671,613,593,670,520,400,480,603
1533769387.32,192,548,575,574,660,626,585,682,524,401,477,619
1533769387.33,191,538,555,572,650,616,590,664,520,409,479,621
1533769387.348,184,549,560,562,661,618,586,657,516,394,478,599
1533769387.363,186,542,547,573,648,614,585,676,518,404,483,607
1533769387.37,189,552,563,571,657,602,585,653,509,387,474,610
1533769387.379,197,556,558,575,662,619,599,667,517,423,485,604
1533769387.387,208,545,556,577,657,620,585,659,512,398,472,604
1533769387.403,206,549,569,587,676,630,580,674,513,408,479,611
1533769387.417,192,551,568,576,660,617,579,668,524,407,486,625
1533769387.447,191,562,561,578,656,613,590,664,523,409,477,612
1533769387.487,196,555,566,568,664,618,592,657,511,408,487,608
1533769387.496,186,545,562,561,654,614,582,656,501,392,486,604
1533769387.505,194,560,555,569,650,613,578,661,511,412,491,592
1533769387.528,188,547,552,569,674,616,581,655,505,409,471,612
1533769387.575,186,536,547,574,651,611,585,667,515,404,477,610
1533769387.614,183,536,538,577,651,602,573,659,515,384,480,601
1533769387.652,181,555,545,578,667,618,580,663,516,408,473,605
1533769387.67,178,537,551,571,649,600,580,657,507,399,476,602
1533769387.687,185,529,546,579,647,619,575,661,491,383,459,603
1533769387.704,187,540,539,556,646,597,568,660,502,399,478,602
1533769387.715,179,547,537,560,653,607,563,658,506,400,462,609
1533769387.732,191,538,555,575,665,613,584,667,526,409,474,621
1533769387.745,173,538,555,560,653,607,572,655,514,395,480,595
1533769387.752,181,546,539,556,637,600,571,645,504,399,461,593
1533769387.763,170,538,549,566,644,601,587,655,511,397,474,600
1533769387.786,195,542,547,564,657,611,594,668,515,416,492,607
1533769387.797,183,545,565,576,660,608,582,659,504,410,475,599
1533769387.811,194,535,564,575,662,610,596,655,520,406,497,618
1533769387.826,175,540,551,555,655,609,574,660,496,397,465,608
1533769387.857,194,541,555,569,650,619,569,675,506,403,468,615
1533769387.904,160,532,561,566,647,601,587,661,500,386,471,601
1533769387.919,156,540,532,556,652,603,552,660,502,394,481,597
1533769387.929,160,529,561,553,644,607,556,664,500,398,477,595
1533769387.948,177,539,550,561,651,608,576,656,515,407,481,602
1533769387.976,171,520,528,554,636,593,579,644,507,384,469,581
1533769387.985,164,529,553,567,657,602,566,644,504,407,455,596
1533769388.023,163,519,549,563,641,598,578,652,506,406,477,598
1533769388.06,152,536,540,557,642,605,579,659,495,393,481,596
1533769388.098,166,535,546,556,644,595,578,649,503,403,463,583
1533769388.11,158,536,547,551,651,605,579,656,504,402,472,596
1533769388.118,163,535,546,550,644,595,575,655,497,398,468,598
1533769388.132,159,528,545,556,634,594,565,654,496,397,470,594
1533769388.146,189,529,547,557,651,602,576,656,510,410,478,599
1533769388.162,164,536,550,557,648,596,566,650,504,399,469,599
1533769388.179,163,525,539,550,638,580,578,652,512,384,474,592
1533769388.209,160,513,537,538,635,589,563,640,491,386,468,586
1533769388.229,162,537,542,562,658,600,571,645,505,394,473,597
1533769388.274,170,532,543,557,635,607,560,646,503,383,462,586
1533769388.302,161,536,547,561,654,599,570,647,509,398,461,593
1533769388.32,163,528,536,565,643,594,559,636,496,385,464,588
1533769388.335,167,530,525,561,639,590,563,656,489,387,472,587
1533769388.357,176,535,555,578,641,604,572,670,503,401,474,598
1533769388.367,158,530,525,545,630,593,570,644,492,387,472,590
1533769388.378,161,539,540,551,648,596,569,659,507,396,470,584
1533769388.397,171,533,528,561,639,593,560,653,495,378,469,587
1533769388.409,177,539,553,567,642,593,566,659,498,390,475,599
1533769388.416,164,536,544,557,648,599,570,644,504,384,467,599
1533769388.425,160,519,527,547,629,592,572,643,497,369,462,580
1533769388.441,176,522,539,547,644,592,569,631,503,389,471,592
1533769388.451,177,526,543,551,642,599,566,647,501,399,464,593
1533769388.459,163,525,546,550,647,595,575,649,506,389,471,586
1533769388.48,169,522,552,569,653,604,569,640,503,398,463,589
1533769388.492,158,529,537,554,645,590,573,650,510,402,475,587
1533769388.499,165,540,551,555,652,600,580,648,505,403,457,588
1533769388.514,166,516,549,557,635,598,553,646,494,386,460,583
1533769388.558,159,528,532,565,640,600,565,645,493,397,464,597
1533769388.596,160,532,536,560,641,592,553,643,503,392,454,586
1533769388.607,155,520,544,551,642,587,548,650,486,398,463,587
1533769388.616,170,526,534,554,641,601,563,637,488,394,459,583
1533769388.634,164,526,534,563,647,595,566,646,503,386,474,583
1533769388.653,156,528,542,543,622,582,571,645,502,391,459,591
1533769388.68,169,525,536,544,650,598,565,649,506,401,474,601
1533769388.691,159,524,539,556,637,594,571,651,493,391,473,588
1533769388.7,160,529,533,550,644,604,563,643,491,380,468,586
1533769388.716,168,521,535,545,642,581,561,644,483,390,446,593
1533769388.73,166,516,527,550,641,592,566,649,503,386,463,595
1533769388.752,160,525,536,541,623,601,559,640,491,398,457,580
1533769388.779,157,519,521,547,629,586,559,628,497,386,457,569
1533769388.792,114,485,518,519,605,566,532,611,465,366,440,569
1533769388.804,105,482,505,531,599,542,532,596,456,372,443,543
